1,lbewlie0,kPyKGLYZXBp,Lacy,Bewlie,lbewlie0@timesonline.co.uk
2,lflay1,GFx9tm,Lauretta,Flay,lflay1@addtoany.com
3,abonehill2,0IagsF7a,Aurilia,Bonehill,abonehill2@mac.com
4,lwellard3,KjaK1dQ6SfF,Laurette,Wellard,lwellard3@salon.com
5,dratray4,2vMBqHPW,Doe,Ratray,dratray4@census.gov
6,cmobley5,Hb1vojPlxiOu,Corrie,Mobley,cmobley5@chron.com
7,gsmalecombe6,actQeBUbef8,Gabie,Smalecombe,gsmalecombe6@scientificamerican.com
8,fwinslett7,cY5v3z6b63M,Frasquito,Winslett,fwinslett7@aol.com
9,nwedge8,up1eLvigUU,Nicky,Wedge,nwedge8@sohu.com
10,ldaunay9,BvRrinRR1,Lane,Daunay,ldaunay9@devhub.com
11,ssutterfielda,5nNJBXxFDJM,Simmonds,Sutterfield,ssutterfielda@furl.net
12,kweymontb,yKBBRga,Kerrin,Weymont,kweymontb@ameblo.jp
13,wgoodrickc,KYSrCR30,Willem,Goodrick,wgoodrickc@columbia.edu
14,rshivelld,zIigYjmyy,Rancell,Shivell,rshivelld@prnewswire.com
15,ctraute,Pj4ZydnP1G,Courtney,Traut,ctraute@pagesperso-orange.fr
16,alawfordf,TAoHZllpmidu,Abramo,Lawford,alawfordf@reddit.com
17,mklimowskig,6etWJXofv2GU,Marcos,Klimowski,mklimowskig@cdc.gov
18,shickeringillh,3pq9wWG1Z,Sheela,Hickeringill,shickeringillh@alibaba.com
19,sbisatti,mNWOrYPc8vJH,Siana,Bisatt,sbisatti@berkeley.edu
20,icarmodyj,wkZPXowia,Isahella,Carmody,icarmodyj@mtv.com
21,fmoffk,pRbS0vt6BxP,Filberto,Moff,fmoffk@craigslist.org
22,estanwayl,G6EgGfRlUpPm,Elliott,Stanway,estanwayl@berkeley.edu
23,maseem,44NpXE,Manfred,Asee,maseem@google.com.br
24,rcolliern,tiQIYdpRo,Randee,Collier,rcolliern@blinklist.com
25,pharleyo,2QrWo6KET,Peg,Harley,pharleyo@hp.com
26,sguinnessp,P6z15zJzGfq,Sydney,Guinness,sguinnessp@netlog.com
27,fmoutrayreadq,Aub3Na5QW,Frannie,Moutray Read,fmoutrayreadq@arizona.edu
28,blader,ZhuwSnAl,Brian,Lade,blader@moonfruit.com
29,mmathys,FzuMnng9f,Mendy,Mathy,mmathys@goodreads.com
30,pwoodlandst,YHOnTE,Pippa,Woodlands,pwoodlandst@washingtonpost.com
31,bdjurkovicu,ULnOSh6e,Baxter,Djurkovic,bdjurkovicu@unicef.org
32,vspawtonv,Dity9XXHUslc,Vinny,Spawton,vspawtonv@icio.us
33,mkillockw,gfi9v7n,Marianne,Killock,mkillockw@fastcompany.com
34,gpolhillx,yXcDOp9PhMm,Giralda,Polhill,gpolhillx@naver.com
35,mcorry,jZ3mzleoPzwD,Michael,Corr,mcorry@pcworld.com
36,jfollowsz,MwnId47wk,Julianne,Follows,jfollowsz@php.net
37,dinstone10,I2MFvpeLwivD,Dody,Instone,dinstone10@microsoft.com
38,ziacomo11,UInyHC2UsUkm,Zarla,Iacomo,ziacomo11@webs.com
39,cbubear12,HcTmLX,Carlie,Bubear,cbubear12@google.ca
40,zhowels13,TDPtYZLru1P,Zorine,Howels,zhowels13@jiathis.com
41,slere14,N6XsQR,Shurlocke,Lere,slere14@phpbb.com
42,kburgh15,7sufnSXH,Kessia,Burgh,kburgh15@devhub.com
43,bgounard16,s7nS4TVHHC,Benson,Gounard,bgounard16@squidoo.com
44,cchoake17,qOQrxzTlZvN,Chantalle,Choake,cchoake17@webnode.com
45,tgillon18,bBK4fJmG,Tara,Gillon,tgillon18@twitter.com
46,apattenden19,b8mF2eOK,Anett,Pattenden,apattenden19@hc360.com
47,estannett1a,hDt1CZ,Elwira,Stannett,estannett1a@linkedin.com
48,cbreukelman1b,IbcFoS1bb2cI,Cheryl,Breukelman,cbreukelman1b@woothemes.com
49,slesurf1c,g0sIt3I,Sayer,Lesurf,slesurf1c@dyndns.org
50,acubbon1d,Qf5xRcUU,Averil,Cubbon,acubbon1d@google.co.uk
51,nveldstra1e,8YufNgDIjxRl,Nina,Veldstra,nveldstra1e@jugem.jp
52,rkinmond1f,HCVojZEKayD,Ryan,Kinmond,rkinmond1f@patch.com
53,cwatson1g,6FjT9gy,Claude,Watson,cwatson1g@joomla.org
54,gdorrington1h,b05sg4Na1YA,Gan,Dorrington,gdorrington1h@reverbnation.com
55,charly1i,BHJTd7TprR8p,Carmela,Harly,charly1i@paypal.com
56,snoakes1j,dUkZV8,Shawna,Noakes,snoakes1j@hostgator.com
57,mhuson1k,92zCsMq62nU,Marys,Huson,mhuson1k@netvibes.com
58,kbresson1l,JOAFxL2,Kinna,Bresson,kbresson1l@apple.com
59,kpoe1m,qXkznlc,Kinna,Poe,kpoe1m@ibm.com
60,rcollicott1n,atdCE4,Raymund,Collicott,rcollicott1n@nba.com
61,jkoene1o,hiNwBSAU0Pr,Jaclyn,Koene,jkoene1o@google.fr
62,abroadstock1p,LG7JqMPyHg,Artur,Broadstock,abroadstock1p@netscape.com
63,lchurch1q,rt5hcXODxN0e,Lorette,Church,lchurch1q@lycos.com
64,bdumigan1r,ocvEznaChX,Berni,Dumigan,bdumigan1r@biblegateway.com
65,hnoel1s,zVTmVUMtS,Humfrid,Noel,hnoel1s@edublogs.org
66,oaylen1t,r2nI9Z9aXdJg,Ode,Aylen,oaylen1t@hugedomains.com
67,zjillard1u,9Ypx18oM3OAF,Zandra,Jillard,zjillard1u@mozilla.com
68,cbennington1v,0PSJCWGG2BTS,Clemmy,Bennington,cbennington1v@unc.edu
69,jgrieve1w,tGqhhy,Jourdain,Grieve,jgrieve1w@photobucket.com
70,akubis1x,XQfPKVu,Adair,Kubis,akubis1x@geocities.jp
71,llithgow1y,5mFKXd,Levon,Lithgow,llithgow1y@toplist.cz
72,ameah1z,7IQpIBVf,Alyson,Meah,ameah1z@wix.com
73,vlardner20,G92OWJ8,Verge,Lardner,vlardner20@comcast.net
74,ecattonnet21,wATTYqyu72b2,Edithe,Cattonnet,ecattonnet21@elpais.com
75,kjosskoviz22,zgB8JFiUPA,Kirsteni,Josskoviz,kjosskoviz22@virginia.edu
76,cjames23,hzomBf,Chandal,James,cjames23@dmoz.org
77,jsprigging24,S3LrO6,Jock,Sprigging,jsprigging24@techcrunch.com
78,jrookesby25,ofFjMg,Jacynth,Rookesby,jrookesby25@e-recht24.de
79,olaverenz26,cQYh6I5E,Olivier,Laverenz,olaverenz26@phpbb.com
80,pbruun27,SUFey8hCM32I,Percival,Bruun,pbruun27@plala.or.jp
81,leadmeads28,fYn0tg,Levi,Eadmeads,leadmeads28@ebay.com
82,fkiossel29,Kyzl2ZU,Fields,Kiossel,fkiossel29@acquirethisname.com
83,kboulger2a,aKzGicvwptm,Kristin,Boulger,kboulger2a@yahoo.co.jp
84,mgoodbody2b,JANmdReL7PY5,Marve,Goodbody,mgoodbody2b@soup.io
85,bsnarr2c,bqzopj5,Brit,Snarr,bsnarr2c@theatlantic.com
86,vdahler2d,lzXrRl66,Valaria,Dahler,vdahler2d@oakley.com
87,vmccaughran2e,r4ImAFBQDs,Vonny,McCaughran,vmccaughran2e@networkadvertising.org
88,cmccarl2f,S45odVPnAe,Corinna,McCarl,cmccarl2f@friendfeed.com
89,btwiname2g,t9tDbAmvL,Bobbi,Twiname,btwiname2g@skype.com
90,jtreadway2h,66eXTD,Jerrilyn,Treadway,jtreadway2h@mlb.com
91,rmclorinan2i,dUtCiogGk0o,Roxane,McLorinan,rmclorinan2i@loc.gov
92,dodooley2j,ZbxNiv,Deb,O' Dooley,dodooley2j@msu.edu
93,bcastell2k,7gNeYN,Ban,Castell,bcastell2k@cloudflare.com
94,adunphie2l,jsflKCT,Andy,Dunphie,adunphie2l@wufoo.com
95,eacland2m,qwKD5AJ,Ebonee,Acland,eacland2m@ovh.net
96,gvardey2n,Q4rfsHGE3E,Gerome,Vardey,gvardey2n@answers.com
97,cdorsey2o,1720om,Cassy,Dorsey,cdorsey2o@wikimedia.org
98,mwagen2p,v4DyJNQe,Martainn,Wagen,mwagen2p@jigsy.com
99,ekiendl2q,AN847JsEk,Eduardo,Kiendl,ekiendl2q@about.com
100,bbispham2r,yNPKfqCk,Berty,Bispham,bbispham2r@dmoz.org
101,ejewers2s,I89yhM,Ede,Jewers,ejewers2s@lulu.com
102,kjasiak2t,8PYnLHki6,Kelcey,Jasiak,kjasiak2t@illinois.edu
103,kburlingame2u,3eKMpUIOXL8S,Kiele,Burlingame,kburlingame2u@webs.com
104,abrauns2v,hJJWasQ,Abbott,Brauns,abrauns2v@google.com.hk
105,bsapwell2w,s7aDhX0Dq,Bartlet,Sapwell,bsapwell2w@theglobeandmail.com
106,awhitely2x,9MRqrpHxrwYY,Axel,Whitely,awhitely2x@ning.com
107,sfader2y,uxhC48PxNObJ,Starlene,Fader,sfader2y@samsung.com
108,nbutten2z,LarBTCZ0vHv,Nilson,Butten,nbutten2z@unesco.org
109,amackay30,S7pmDm0z,Auberon,MacKay,amackay30@slideshare.net
110,sblastock31,RVTVAsfCAgrS,Sax,Blastock,sblastock31@spotify.com
111,smilbourne32,8Xnk1F1b97aC,Susannah,Milbourne,smilbourne32@de.vu
112,wdwelley33,Y6ZftYn,Winston,Dwelley,wdwelley33@moonfruit.com
113,ajuarez34,P8BFA94NdJ,Alberto,Juarez,ajuarez34@dion.ne.jp
114,ksleeny35,4jUVJJDM,Kessiah,Sleeny,ksleeny35@theatlantic.com
115,jmitcham36,PeDeUJwX,Jaime,Mitcham,jmitcham36@tamu.edu
116,trenyard37,ASJ2ZW,Thorin,Renyard,trenyard37@time.com
117,djull38,2GF0lHFf3K,Daffi,Jull,djull38@wordpress.com
118,rmcvitie39,BK1iLHPiRHDk,Rodolph,McVitie,rmcvitie39@de.vu
119,jloadman3a,argE9D,Josefina,Loadman,jloadman3a@storify.com
120,plesley3b,Gk35FuuGMTH,Pattie,Lesley,plesley3b@digg.com
121,tjosskoviz3c,0xSTUYOitL,Tadeas,Josskoviz,tjosskoviz3c@webmd.com
122,aheine3d,bHEch2c,Adrea,Heine,aheine3d@rediff.com
123,pstorks3e,UNs0ovlPxR,Pia,Storks,pstorks3e@arstechnica.com
124,ccastillou3f,qazr0H22Lg,Charlot,Castillou,ccastillou3f@netlog.com
125,nmacilhench3g,NbabsEUk,Nanette,Macilhench,nmacilhench3g@vinaora.com
126,dandress3h,frki8IP0x0a,Dorie,Andress,dandress3h@virginia.edu
127,eelcombe3i,hb8FfBaTvnz,Ezekiel,Elcombe,eelcombe3i@sfgate.com
128,gvurley3j,izZeuc6T,Germaine,Vurley,gvurley3j@squidoo.com
129,flyddyard3k,yUZu5XAwe,Frieda,Lyddyard,flyddyard3k@pcworld.com
130,ttheurer3l,77tsWedq5yD,Tonnie,Theurer,ttheurer3l@bizjournals.com
131,pleys3m,8Kw6vs6Km,Petra,Leys,pleys3m@behance.net
132,aflood3n,bbzGGIxundcu,Adolpho,Flood,aflood3n@tamu.edu
133,gchern3o,PijQbtt5,Gianina,Chern,gchern3o@fda.gov
134,ldaine3p,43B1F9m,Lukas,Daine,ldaine3p@elegantthemes.com
135,rchupin3q,iTKpQnjkZO,Remus,Chupin,rchupin3q@bbc.co.uk
136,dlayson3r,snca4H,Dagny,Layson,dlayson3r@alibaba.com
137,hgoodbairn3s,71E8BNkBLYjq,Hanni,Goodbairn,hgoodbairn3s@pagesperso-orange.fr
138,itanti3t,RpiaoMgI,Ivie,Tanti,itanti3t@storify.com
139,dsummerlad3u,NvbxTG2ithwK,Demott,Summerlad,dsummerlad3u@geocities.jp
140,fsomerscales3v,cgNFSQuKZ,Filberte,Somerscales,fsomerscales3v@ehow.com
141,lfortescue3w,CO2Ws8v9g9M,Lem,Fortescue,lfortescue3w@amazon.co.jp
142,skember3x,c81NsN,Shea,Kember,skember3x@mysql.com
143,rnajafian3y,L9m1g6Q2PhJ4,Reggi,Najafian,rnajafian3y@mashable.com
144,llantry3z,Qb5jRD1,Leoline,Lantry,llantry3z@dropbox.com
145,fmengue40,PcNHk0h,Faith,Mengue,fmengue40@tinypic.com
146,rhousbie41,AHDnFU,Rebeca,Housbie,rhousbie41@eventbrite.com
147,rchristophle42,9egqX6wQ9ax,Romain,Christophle,rchristophle42@apache.org
148,dbillinge43,QuDuLw1V2c,Dominik,Billinge,dbillinge43@gravatar.com
149,lmatic44,W2nASoNa1,Letitia,Matic,lmatic44@webnode.com
150,sleland45,96gjBn,Shelia,Le land,sleland45@last.fm
151,sbrophy46,U5SyP8W5,Shanda,Brophy,sbrophy46@cam.ac.uk
152,wrishbrook47,dRToySsfv8,Walker,Rishbrook,wrishbrook47@salon.com
153,tsmitten48,NBrt3gv,Teddy,Smitten,tsmitten48@usgs.gov
154,lelldred49,0Wl4bJPRNY5,Lela,Elldred,lelldred49@cocolog-nifty.com
155,etuerena4a,NFE4ulmkXBI,Enoch,Tuerena,etuerena4a@dyndns.org
156,kwatford4b,ho8vS6IjOz,Keefe,Watford,kwatford4b@npr.org
157,mtombleson4c,Y1ip1Qyw,Mirna,Tombleson,mtombleson4c@google.nl
158,rtallet4d,4QdvFMqfOAA,Rusty,Tallet,rtallet4d@howstuffworks.com
159,tfaulder4e,3tjuC3kwr,Tammi,Faulder,tfaulder4e@dion.ne.jp
160,iabadam4f,r1KsJiIb8tzr,Ileane,Abadam,iabadam4f@marketwatch.com
161,mbeaty4g,pWDkpdci,Maxine,Beaty,mbeaty4g@sourceforge.net
162,mmccullogh4h,eb5jJzZJ,Mariam,McCullogh,mmccullogh4h@usnews.com
163,ikeogh4i,8vWx0kvYyBgn,Ingram,Keogh,ikeogh4i@soup.io
164,acurror4j,iTuoGh,Abey,Curror,acurror4j@is.gd
165,prutter4k,5QZHH57GT,Petronille,Rutter,prutter4k@cisco.com
166,pboner4l,9afkGP,Paolo,Boner,pboner4l@prweb.com
167,dmonksfield4m,JrEdDGpFfXo,Debby,Monksfield,dmonksfield4m@abc.net.au
168,rkimbley4n,uLmIA01pVmY,Rosamund,Kimbley,rkimbley4n@multiply.com
169,mmctear4o,IvAdWk,Melissa,McTear,mmctear4o@phoca.cz
170,sstleger4p,U6Z4uUF,Stafani,St Leger,sstleger4p@delicious.com
171,bmurtagh4q,iZnZACx,Brenn,Murtagh,bmurtagh4q@prweb.com
172,ndunkinson4r,uzTd2BP,Nickolaus,Dunkinson,ndunkinson4r@baidu.com
173,sbrendeke4s,XV20LiTnlbz,Sandor,Brendeke,sbrendeke4s@theguardian.com
174,acargo4t,bltXoeXgh,Andria,Cargo,acargo4t@washington.edu
175,warnold4u,KLovctSTTa9O,Wolf,Arnold,warnold4u@cafepress.com
176,kgaynsford4v,KhlSv4,Kerrie,Gaynsford,kgaynsford4v@gov.uk
177,jdevaan4w,WWpMh3I1qfvl,Jone,De Vaan,jdevaan4w@abc.net.au
178,acuzen4x,hs20Nm,Althea,Cuzen,acuzen4x@ucoz.com
179,tkruschev4y,pc4bFYOOUUfb,Tremain,Kruschev,tkruschev4y@who.int
180,iblaney4z,jVcawgolQgRs,Isaiah,Blaney,iblaney4z@home.pl
181,rroomes50,XhtlAj1,Reinald,Roomes,rroomes50@google.nl
182,jdady51,G9hDn1jgPB,John,Dady,jdady51@deviantart.com
183,kangrave52,WeoCy1yN8,Kenny,Angrave,kangrave52@aboutads.info
184,lrowley53,xcP04HiZZb,Laure,Rowley,lrowley53@deviantart.com
185,whammerich54,RzThuCn3KB,Wake,Hammerich,whammerich54@sfgate.com
186,rapfel55,J843KBVOqDHY,Rodge,Apfel,rapfel55@google.com.au
187,acrippell56,o0Plz4qN1G9k,Archaimbaud,Crippell,acrippell56@cnn.com
188,bvolleth57,HJvlJ1uR,Babita,Volleth,bvolleth57@auda.org.au
189,rbaldocci58,usXy5XkIjVQ,Redford,Baldocci,rbaldocci58@shutterfly.com
190,ksellen59,sdqcKP,Kathie,Sellen,ksellen59@simplemachines.org
191,vsnaddin5a,Bh3WKF5oHf0,Valida,Snaddin,vsnaddin5a@bigcartel.com
192,cspedroni5b,2TCDmryRY8w,Chrissie,Spedroni,cspedroni5b@noaa.gov
193,wturtle5c,fc2Q3oftzU,Ward,Turtle,wturtle5c@sphinn.com
194,ghanratty5d,ycUVWs,Giustino,Hanratty,ghanratty5d@bravesites.com
195,jebenezer5e,K2C7mQVBADXn,Jorrie,Ebenezer,jebenezer5e@businessinsider.com
196,sdrysdell5f,RJkeLdrA6L,Shaine,Drysdell,sdrysdell5f@imgur.com
197,tjillard5g,3OOSbnX,Torrin,Jillard,tjillard5g@trellian.com
198,kpryke5h,zEWw8RlHq,Kelvin,Pryke,kpryke5h@edublogs.org
199,rmercer5i,Uee1iBhde,Rolland,Mercer,rmercer5i@flavors.me
200,kodgers5j,ul2BghGk7yS,Katinka,Odgers,kodgers5j@google.ru
201,acoughtrey5k,B3hHc9si,Alie,Coughtrey,acoughtrey5k@skype.com
202,kibbett5l,fuWtJapA,Kathryn,Ibbett,kibbett5l@discuz.net
203,ckildea5m,zqQBaEyU,Constantine,Kildea,ckildea5m@statcounter.com
204,cryrie5n,9vdYASrs5V,Clareta,Ryrie,cryrie5n@about.com
205,mpotticary5o,BUXxMcwroge,Melvyn,Potticary,mpotticary5o@yellowbook.com
206,dkenneford5p,oZtkng,Deny,Kenneford,dkenneford5p@qq.com
207,flesper5q,RkmzicYr,Frazer,Lesper,flesper5q@lycos.com
208,theam5r,4FJ3lO,Timmie,Heam,theam5r@infoseek.co.jp
209,piliffe5s,rz9pPQKAU8,Paulie,Iliffe,piliffe5s@unesco.org
210,efries5t,FYyIvI3,Ema,Fries,efries5t@unicef.org
211,polivey5u,iVXjvMzXN0,Page,Olivey,polivey5u@utexas.edu
212,mdewdney5v,mFkdcE7,Malena,Dewdney,mdewdney5v@51.la
213,jcammock5w,CgcSze,Jackquelin,Cammock,jcammock5w@alexa.com
214,yshutler5x,oSY5dFt,Yvonne,Shutler,yshutler5x@about.me
215,kcrichley5y,z7gNY3ke6Hck,Katrine,Crichley,kcrichley5y@google.cn
216,bhaythorne5z,Tpgb8zMY3yd,Belvia,Haythorne,bhaythorne5z@paginegialle.it
217,fstather60,7iGRPz,Florance,Stather,fstather60@last.fm
218,aspratt61,hwMSj4zojqOa,Andreana,Spratt,aspratt61@msn.com
219,ccheccuzzi62,MCUuNPJMt1J,Cobby,Checcuzzi,ccheccuzzi62@rediff.com
220,sslatcher63,kulTTJMobuQk,Sallyanne,Slatcher,sslatcher63@nifty.com
221,rrout64,MkWEXk6Qzj,Roslyn,Rout,rrout64@joomla.org
222,hcatteroll65,iYUUse6A,Herb,Catteroll,hcatteroll65@freewebs.com
223,pgavan66,CdHGEALHF4QR,Pyotr,Gavan,pgavan66@sbwire.com
224,afurley67,frEU7t,Alyse,Furley,afurley67@craigslist.org
225,rarmall68,XTt1Jr9tlp,Reidar,Armall,rarmall68@cpanel.net
226,ldarrington69,4MTtky7oIlTy,Lief,Darrington,ldarrington69@sphinn.com
227,tbever6a,T9O9xPw,Trever,Bever,tbever6a@ucsd.edu
228,okettlestringes6b,FuAl9l,Olivette,Kettlestringes,okettlestringes6b@omniture.com
229,kgalea6c,e9Nhvfs,Karlik,Galea,kgalea6c@mac.com
230,lvynoll6d,ygYNQXCY,Leigh,Vynoll,lvynoll6d@spiegel.de
231,cmayzes6e,o43Q7TgyKJ7,Cinda,Mayzes,cmayzes6e@sciencedaily.com
232,pmalim6f,urxr5bS0zcUk,Pamella,Malim,pmalim6f@360.cn
233,rclowney6g,rvuJrWX,Reube,Clowney,rclowney6g@dion.ne.jp
234,aocollopy6h,orPAnXFgh,Anjela,O'Collopy,aocollopy6h@elegantthemes.com
235,wlambrook6i,olMTtAqlEv,Willie,Lambrook,wlambrook6i@quantcast.com
236,mstiven6j,qPloEAJndRcD,Meriel,Stiven,mstiven6j@tmall.com
237,fbowditch6k,Ef8IpPVBlrx9,Frank,Bowditch,fbowditch6k@webs.com
238,sdelacourt6l,DAVF17Tt,Shirl,Delacourt,sdelacourt6l@twitpic.com
239,jperschke6m,vQB6jRffx,Jdavie,Perschke,jperschke6m@i2i.jp
240,ecobon6n,tCboeWp8FOYa,Eddy,Cobon,ecobon6n@webeden.co.uk
241,speever6o,VGl7IUILp,Stella,Peever,speever6o@privacy.gov.au
242,htomblin6p,FnVZ22OF,Hali,Tomblin,htomblin6p@clickbank.net
243,csattin6q,twpyUBh7,Chrisy,Sattin,csattin6q@slideshare.net
244,tlopes6r,BD6gDgygEo,Toby,Lopes,tlopes6r@samsung.com
245,cgoddard6s,6HnRi5Q,Camilla,Goddard,cgoddard6s@sfgate.com
246,feccleston6t,UH04OH,Fidelia,Eccleston,feccleston6t@newsvine.com
247,svalentino6u,E3p5tSFIv,Selene,Valentino,svalentino6u@acquirethisname.com
248,usegges6v,b6mnamp,Upton,Segges,usegges6v@usatoday.com
249,llowdyane6w,cecLIzmRBa5O,Lelia,Lowdyane,llowdyane6w@cnet.com
250,vdepaepe6x,Ct0Pm76Zv0bV,Vernen,De Paepe,vdepaepe6x@people.com.cn
251,kbumby6y,76CU5OyGwbk,Kincaid,Bumby,kbumby6y@utexas.edu
252,asebert6z,WUJXI3F,Alley,Sebert,asebert6z@ask.com
253,bdekeep70,MbwsD9Plzx,Barty,de Keep,bdekeep70@buzzfeed.com
254,chumpherston71,ddKTxV4Y133,Colene,Humpherston,chumpherston71@example.com
255,tcastaignet72,YvHdV9H,Ted,Castaignet,tcastaignet72@va.gov
256,tcecchi73,FkudC71CHz,Theodora,Cecchi,tcecchi73@globo.com
257,pcleere74,xpwUKbdSvl,Pennie,Cleere,pcleere74@tinyurl.com
258,kabramzon75,OMZhANfS6,Kathryn,Abramzon,kabramzon75@hibu.com
259,iscarre76,KOVYUTkBG,Iorgo,Scarre,iscarre76@fda.gov
260,askeermor77,IsYe24Y68MVB,Aime,Skeermor,askeermor77@nbcnews.com
261,ctroni78,oPlXrL,Codie,Troni,ctroni78@hud.gov
262,rtarpey79,AiCLWHbpN,Riva,Tarpey,rtarpey79@tripod.com
263,mfirebrace7a,0cXdypLSb6,Milena,Firebrace,mfirebrace7a@chronoengine.com
264,fbelhomme7b,XkNaTE,Franny,Belhomme,fbelhomme7b@webmd.com
265,kruskin7c,VFGk0Z4EyeB,Kendricks,Ruskin,kruskin7c@hp.com
266,clongland7d,v7m3upwIX,Chrissy,Longland,clongland7d@usda.gov
267,imaguire7e,2pJZtPvpNcK,Ike,Maguire,imaguire7e@geocities.com
268,hsein7f,mASxtH,Hatty,Sein,hsein7f@dropbox.com
269,cgladden7g,xSynnSK,Celina,Gladden,cgladden7g@dyndns.org
270,ggooden7h,g1RGxvksT,Georgina,Gooden,ggooden7h@pcworld.com
271,pordemann7i,P4AeBhUi9,Pepe,Ordemann,pordemann7i@discuz.net
272,gcorish7j,KemCVjJZKk,Gill,Corish,gcorish7j@hugedomains.com
273,icollie7k,oSGiIoWI,Ingelbert,Collie,icollie7k@yahoo.co.jp
274,ldobbinson7l,bvNd4JFdg,Lyman,Dobbinson,ldobbinson7l@pagesperso-orange.fr
275,ggosnold7m,aS4c93K2,Greg,Gosnold,ggosnold7m@pagesperso-orange.fr
276,msargant7n,WsJrZHnI4d77,Maurene,Sargant,msargant7n@topsy.com
277,tnussii7o,H8MRdB7rP,Timofei,Nussii,tnussii7o@cloudflare.com
278,pradki7p,mw02cJ,Priscella,Radki,pradki7p@alexa.com
279,irobertot7q,yBYEXQJGz,Ivan,Robertot,irobertot7q@lycos.com
280,atownsley7r,O2LwbqbX,Ambrosius,Townsley,atownsley7r@com.com
281,dyurikov7s,iP0gic9,Dallon,Yurikov,dyurikov7s@examiner.com
282,kgorghetto7t,eINyuvg,Keen,Gorghetto,kgorghetto7t@skype.com
283,fklaffs7u,ORNH40Tm,Ferrel,Klaffs,fklaffs7u@sbwire.com
284,devitt7v,0405SwHNqZHe,Dee,Evitt,devitt7v@nymag.com
285,cknee7w,wfrxZCicBw,Cherey,Knee,cknee7w@so-net.ne.jp
286,cloyd7x,29ItFX,Carmel,Loyd,cloyd7x@51.la
287,blyard7y,8qbjI1Jc2,Bern,Lyard,blyard7y@cnbc.com
288,mbark7z,iJ6me5rUGZds,Merle,Bark,mbark7z@elpais.com
289,elodewick80,gdSvsYy,Ede,Lodewick,elodewick80@utexas.edu
290,czanussii81,XWVzDe,Calvin,Zanussii,czanussii81@photobucket.com
291,jboynton82,mVpITTo4f,Jenny,Boynton,jboynton82@creativecommons.org
292,rfaudrie83,tn0Y1lBOf,Riki,Faudrie,rfaudrie83@utexas.edu
293,sshortt84,vvGS8zcK,Salomon,Shortt,sshortt84@umich.edu
294,cstalman85,aIFhzRVAe4L,Cate,Stalman,cstalman85@squidoo.com
295,umoy86,vobJHs2K,Udall,Moy,umoy86@facebook.com
296,nlandsman87,gxHDOnEvnn,Nancey,Landsman,nlandsman87@thetimes.co.uk
297,ahavelin88,3qHmSwIPGvz,Archy,Havelin,ahavelin88@unicef.org
298,gvanns89,JPnQxn8Z9TVu,Gary,Vanns,gvanns89@squarespace.com
299,asissland8a,nFAyt4N0B3pT,Alexandro,Sissland,asissland8a@theglobeandmail.com
300,kmcquaker8b,HlXmMVpt0,Kyrstin,McQuaker,kmcquaker8b@ed.gov
301,gwigley8c,VNZFdA539,Gay,Wigley,gwigley8c@adobe.com
302,ctremberth8d,YitouJk,Caddric,Tremberth,ctremberth8d@hubpages.com
303,tgonnard8e,SYFmZjTtej6t,Trixie,Gonnard,tgonnard8e@dropbox.com
304,cwallis8f,q7MmBSDiZgPf,Cyrus,Wallis,cwallis8f@kickstarter.com
305,btumility8g,b2SSl0hLWhy,Berty,Tumility,btumility8g@technorati.com
306,mjoffe8h,75bnWYX9F,Marcellina,Joffe,mjoffe8h@infoseek.co.jp
307,bchritchley8i,sVEN5vG,Berna,Chritchley,bchritchley8i@cnbc.com
308,lkilday8j,UYeSfgBcFll,Lainey,Kilday,lkilday8j@spiegel.de
309,madkin8k,f8pHWlQvR,Minny,Adkin,madkin8k@mashable.com
310,hmccomiskie8l,95ruzxY,Haily,McComiskie,hmccomiskie8l@liveinternet.ru
311,mbowsher8m,eEuo0jEsc,Micaela,Bowsher,mbowsher8m@upenn.edu
312,dbramsen8n,mOYeZyOS2,Doyle,Bramsen,dbramsen8n@oracle.com
313,flowes8o,E8VBoLZ75jR,Fionna,Lowes,flowes8o@bbc.co.uk
314,dlyst8p,hAO6gE,Delia,Lyst,dlyst8p@ning.com
315,tforster8q,AW1PcFP,Timi,Forster,tforster8q@eventbrite.com
316,bsloey8r,nrPDmEB8cyA,Brenna,Sloey,bsloey8r@omniture.com
317,lvere8s,0n0Vi7Iw,Lauree,Vere,lvere8s@netvibes.com
318,rpattemore8t,Q0OC9h527G0,Ranee,Pattemore,rpattemore8t@fastcompany.com
319,cbucknill8u,ju80xy,Clyve,Bucknill,cbucknill8u@addtoany.com
320,placknor8v,JoXGppmAuB,Powell,Lacknor,placknor8v@comsenz.com
321,calder8w,XBxptW,Carly,Alder,calder8w@istockphoto.com
322,gmilch8x,6iUbhyOdnqo,Gordon,Milch,gmilch8x@scientificamerican.com
323,lquixley8y,AsymYY,Loella,Quixley,lquixley8y@desdev.cn
324,mlosselyong8z,JbSXxh4wV,Mead,Losselyong,mlosselyong8z@cornell.edu
325,yblackstone90,oNVz9fBZx20,Yalonda,Blackstone,yblackstone90@yahoo.com
326,rbahls91,X17rAqcPrh51,Rem,Bahls,rbahls91@cnet.com
327,ehornbuckle92,KthwAdbLmm,Eduard,Hornbuckle,ehornbuckle92@shareasale.com
328,kmallinar93,WGMlfs,Kinnie,Mallinar,kmallinar93@fotki.com
329,jchastel94,sMy2MWchD4Hd,Jamil,Chastel,jchastel94@japanpost.jp
330,lgriswaite95,jaV9OAD,Latashia,Griswaite,lgriswaite95@jimdo.com
331,jmuzzini96,AjalNh,Juliana,Muzzini,jmuzzini96@wp.com
332,azanuciolii97,F39q3tz8MTx,Arney,Zanuciolii,azanuciolii97@illinois.edu
333,ksketchley98,eqXopJd,Koralle,Sketchley,ksketchley98@tumblr.com
334,kvedyaev99,xSO8Jp4nru1K,Karol,Vedyaev,kvedyaev99@cnbc.com
335,crattray9a,DSOHd9F2,Caesar,Rattray,crattray9a@macromedia.com
336,deckford9b,Vdk8hjHob,Danell,Eckford,deckford9b@creativecommons.org
337,klestrange9c,uFRj89f2nS5n,Kariotta,L' Estrange,klestrange9c@japanpost.jp
338,slaurant9d,NQB3aZzwdSs,Suzanna,Laurant,slaurant9d@ning.com
339,fdohmer9e,aOtZb2sf,Frederic,Dohmer,fdohmer9e@gravatar.com
340,lklausen9f,SE01MET,Lyndell,Klausen,lklausen9f@is.gd
341,npyer9g,dx4Zfm,Nicoli,Pyer,npyer9g@creativecommons.org
342,grabb9h,S71momnxkM0,Genevieve,Rabb,grabb9h@1688.com
343,tnaisby9i,pbTLuGp,Talya,Naisby,tnaisby9i@huffingtonpost.com
344,jsarle9j,NA1DBHx8R,Janeva,Sarle,jsarle9j@blogspot.com
345,smcgillivray9k,n9Nuq4,Stacy,McGillivray,smcgillivray9k@hp.com
346,kkave9l,5vyYt8LpG4N,Kippie,Kave,kkave9l@wunderground.com
347,lhanny9m,MF6QrXTx2l3b,Loni,Hanny,lhanny9m@com.com
348,aalkin9n,x5w7MpUGr6Tg,Albie,Alkin,aalkin9n@list-manage.com
349,ttruluck9o,BCIgSdqooG,Terence,Truluck,ttruluck9o@admin.ch
350,lwye9p,YGlzumODWl,Lutero,Wye,lwye9p@quantcast.com
351,ddugget9q,sNbhT0dTM,D'arcy,Dugget,ddugget9q@histats.com
352,rchattelaine9r,Q1gAmLN,Rosco,Chattelaine,rchattelaine9r@youtu.be
353,aduffett9s,90FLnj7K,Alberik,Duffett,aduffett9s@nyu.edu
354,kqueyos9t,aul8bUtw,Karon,Queyos,kqueyos9t@twitpic.com
355,cglenton9u,BFJQ5Xc,Charyl,Glenton,cglenton9u@lycos.com
356,awallworke9v,0PTgszTN,Alys,Wallworke,awallworke9v@hhs.gov
357,hcappel9w,yDIrgyJmXqz,Harley,Cappel,hcappel9w@surveymonkey.com
358,mraddish9x,OZOEIPPc,Mycah,Raddish,mraddish9x@google.com
359,amatushevich9y,FodDD9J,Avivah,Matushevich,amatushevich9y@booking.com
360,fshreeves9z,Hqb7ZUT8iwS,Filberte,Shreeves,fshreeves9z@live.com
361,gpetegrewa0,fx5TXwMxG5Q,Garrett,Petegrew,gpetegrewa0@friendfeed.com
362,hturesa1,U05O9xx4l,Herbert,Tures,hturesa1@51.la
363,dtreveara2,Dm9XYP,Deeanne,Trevear,dtreveara2@columbia.edu
364,uvasyuticheva3,ZPA74tc4aV0,Ulric,Vasyutichev,uvasyuticheva3@illinois.edu
365,edawsona4,b7SMqXlxhm6,Emile,Dawson,edawsona4@multiply.com
366,nvirgoa5,Jd7lmLsZ,Nataline,Virgo,nvirgoa5@reference.com
367,adamanta6,z0OEZjU2vk,Abigale,Damant,adamanta6@reverbnation.com
368,eohallihanea7,JT4GUOUDo3Bs,Eddie,O'Hallihane,eohallihanea7@1688.com
369,mbinnea8,KrE7CLspVn3c,Mahmoud,Binne,mbinnea8@zdnet.com
370,kheaneya9,VxcttB,Kippie,Heaney,kheaneya9@phoca.cz
371,bsaurataa,J2fI6o4x,Bo,Saurat,bsaurataa@mlb.com
372,dbeaglesab,9UTVkZz,Drusy,Beagles,dbeaglesab@furl.net
373,kknoxac,kiX9cuyv7R,Kristan,Knox,kknoxac@webmd.com
374,gfynnad,p2WcP1BrQ,Gibby,Fynn,gfynnad@shutterfly.com
375,fbootesae,XHfWvtpLbdEb,Fawn,Bootes,fbootesae@xing.com
376,mmcindrewaf,kugpJZe7LV,Madalena,McIndrew,mmcindrewaf@ovh.net
377,xtucknuttag,bDlmvBaQE5,Xymenes,Tucknutt,xtucknuttag@ca.gov
378,mmeckiffah,JiErtCI,Martino,Meckiff,mmeckiffah@hao123.com
379,gpaurai,8Q6SIasa6,Giralda,Paur,gpaurai@nbcnews.com
380,ppretoraj,8QhmbcK2J,Pattie,Pretor,ppretoraj@google.nl
381,bshurrocksak,I6SpAl,Benedicta,Shurrocks,bshurrocksak@xing.com
382,ldoreal,nWKpv1DycgAO,Leena,Dore,ldoreal@skyrock.com
383,smcchruiteram,vrY288dxf8,Sashenka,McChruiter,smcchruiteram@ft.com
384,bmolohanan,OtoN6RRd2,Bobby,Molohan,bmolohanan@weebly.com
385,klammerichao,zhOgbh,Karla,Lammerich,klammerichao@behance.net
386,lhinksap,6VKari4nF,Lacee,Hinks,lhinksap@nbcnews.com
387,radanetaq,tl65clhVxn,Rockey,Adanet,radanetaq@google.co.uk
388,gbyffordar,5OITghZ5ljUq,Galina,Byfford,gbyffordar@mysql.com
389,pbriattas,QD8ovsebDqte,Persis,Briatt,pbriattas@about.com
390,rstaveat,uVi2KNkRLHbh,Roley,Stave,rstaveat@51.la
391,ostockwellau,uEA4eshgOyyS,Orton,Stockwell,ostockwellau@usgs.gov
392,agarawayav,xqSo1JgGiey,Anders,Garaway,agarawayav@last.fm
393,dbyeraw,Af20CzX,Dion,Byer,dbyeraw@jiathis.com
394,wtibbottsax,dKgUzSsJ,Wren,Tibbotts,wtibbottsax@networksolutions.com
395,eswinay,aAMA4sB4fwmH,Edan,Swin,eswinay@yahoo.com
396,dflanneryaz,3sHKvF,Dorette,Flannery,dflanneryaz@joomla.org
397,egemsonb0,HiSFju,Evie,Gemson,egemsonb0@ebay.co.uk
398,mtoombesb1,gQWufjLqX1,Merrel,Toombes,mtoombesb1@accuweather.com
399,cscaiceb2,Xr2l2PRDE7,Clemmie,Scaice,cscaiceb2@uol.com.br
400,nbrimmb3,vMwXnZpSRXk,Northrop,Brimm,nbrimmb3@blogs.com
401,sleebb4,ItDHAPaMu8h3,Shoshanna,Leeb,sleebb4@phoca.cz
402,jmcgrealb5,tET3RHqD,Janie,McGreal,jmcgrealb5@wix.com
403,gstrobandb6,WOqOhgtd,Giacopo,Stroband,gstrobandb6@squidoo.com
404,vpasmoreb7,wEbWPokpTx1E,Vanya,Pasmore,vpasmoreb7@oakley.com
405,sferrieroib8,6GX390,Sol,Ferrieroi,sferrieroib8@twitpic.com
406,acafferyb9,r5xGw5m,Alano,Caffery,acafferyb9@prlog.org
407,nenricba,0L3bPxH6,Nobe,Enric,nenricba@tamu.edu
408,fdudeniebb,duQKFbPgPA,Frederico,Dudenie,fdudeniebb@japanpost.jp
409,oatwellbc,crB4e5EKzMY,Ophelia,Atwell,oatwellbc@foxnews.com
410,kdreverbd,Bgl9Y5Uu,Krista,Drever,kdreverbd@dailymotion.com
411,besliebe,6t7tUJZbl,Byron,Eslie,besliebe@wikispaces.com
412,cguerribf,RqTjMP,Cathy,Guerri,cguerribf@amazon.de
413,wmanolovbg,VAM6vghtk,Westley,Manolov,wmanolovbg@phoca.cz
414,nseabrightbh,SbnXJNrJjeY,Nathanial,Seabright,nseabrightbh@google.nl
415,dgarrybi,GB1zoil537,Drucill,Garry,dgarrybi@msn.com
416,espreadburybj,ycPL2Qf5IO3Q,Erek,Spreadbury,espreadburybj@marriott.com
417,mdunbk,J9kLTpDV0Fju,Mirabelle,Dun,mdunbk@tmall.com
418,pcundictbl,5i0lchZbjl,Pennie,Cundict,pcundictbl@yellowpages.com
419,mkingstonbm,aKkNzswTCGL,Melonie,Kingston,mkingstonbm@hugedomains.com
420,osyrattbn,tCdIEa,Oates,Syratt,osyrattbn@cargocollective.com
421,nadlembo,cSGrvoa,Nikolas,Adlem,nadlembo@slate.com
422,mmickabp,4sL9rw,Mill,Micka,mmickabp@jalbum.net
423,egildersleavesbq,q8QQzQJIxFg,Everard,Gildersleaves,egildersleavesbq@meetup.com
424,dinsealbr,MyUZ0u,Devondra,Inseal,dinsealbr@dagondesign.com
425,cbiddlestonebs,8cNm3GV,Charline,Biddlestone,cbiddlestonebs@mapy.cz
426,gshirerbt,z564QWc,Gerome,Shirer,gshirerbt@economist.com
427,ocomberbu,ZgPZolu,Ofelia,Comber,ocomberbu@examiner.com
428,qcristofolbv,9e2bRs,Quintana,Cristofol,qcristofolbv@tinypic.com
429,cdoakbw,df413Iklwp,Carmine,Doak,cdoakbw@shop-pro.jp
430,astrangmanbx,Dsyzx0J7,Alistair,Strangman,astrangmanbx@xrea.com
431,ccornickby,CxRE6BPkztv,Collen,Cornick,ccornickby@eepurl.com
432,whoffmannbz,7AeAoHFbb,Welch,Hoffmann,whoffmannbz@tinypic.com
433,apeizerc0,k4v3CB,Amalee,Peizer,apeizerc0@nasa.gov
434,llangtreec1,M8msZG7rg2,Laura,Langtree,llangtreec1@opensource.org
435,znaglec2,RpeOVFJ,Zacharia,Nagle,znaglec2@nps.gov
436,lheffordec3,A4sdokDMk88o,Ludwig,Hefforde,lheffordec3@samsung.com
437,maronowiczc4,DdNZb0f,Marve,Aronowicz,maronowiczc4@wordpress.com
438,htomkinsonc5,1JZ2xZu,Helenelizabeth,Tomkinson,htomkinsonc5@liveinternet.ru
439,yseidec6,c53UdVf7qW,Yolanda,Seide,yseidec6@foxnews.com
440,dfitzharrisc7,D2sV1iydAy,Damon,Fitzharris,dfitzharrisc7@digg.com
441,sbonifasc8,nU4Hif,Saundra,Bonifas,sbonifasc8@studiopress.com
442,wdellenbrokc9,DOAVwqkM7Ei,Wallis,Dellenbrok,wdellenbrokc9@hexun.com
443,emackelworthca,0ZFY0iw7JnU9,Errick,Mackelworth,emackelworthca@clickbank.net
444,dkillikcb,odpZGTXzg,Davon,Killik,dkillikcb@linkedin.com
445,sgorkecc,9JAbnE,Shanta,Gorke,sgorkecc@canalblog.com
446,dtuffreycd,IHRB3mNVnmG,Devlen,Tuffrey,dtuffreycd@newsvine.com
447,lkovelmannce,Vm6FPasT6N,Leena,Kovelmann,lkovelmannce@ftc.gov
448,adadgecf,WrnZ5iy,Avivah,Dadge,adadgecf@walmart.com
449,mcoalcg,mtOh1vLvM6Ab,Maureene,Coal,mcoalcg@wordpress.org
450,aelseych,BRHu8c8t,Alena,Elsey,aelseych@umich.edu
451,mbriscamci,izCHBO,Myrtia,Briscam,mbriscamci@independent.co.uk
452,pjilescj,k3Hd1Gsh,Perceval,Jiles,pjilescj@zdnet.com
453,dstrainck,TI8ShKL,Dacie,Strain,dstrainck@surveymonkey.com
454,bbifordcl,takerDG,Bronnie,Biford,bbifordcl@godaddy.com
455,amacallencm,nN66PyTB1w,Ari,MacAllen,amacallencm@soundcloud.com
456,wlghancn,T0cq56,Wallie,Lghan,wlghancn@senate.gov
457,jmartinettoco,agfkBeXZ,Jeth,Martinetto,jmartinettoco@xinhuanet.com
458,ckingsmancp,9q6tRx,Cleopatra,Kingsman,ckingsmancp@harvard.edu
459,hwillshearcq,7VMP8wc,Herta,Willshear,hwillshearcq@omniture.com
460,rweichcr,jHoSohzeE,Reyna,Weich,rweichcr@twitter.com
461,rteshcs,lP4fiwR,Reube,Tesh,rteshcs@cnn.com
462,rleathleyct,tcqvC7P8,Ricard,Leathley,rleathleyct@1688.com
463,mredmancu,MMYk7i,Marillin,Redman,mredmancu@mtv.com
464,leschalettecv,BYWu0oVSqDn,Lenna,Eschalette,leschalettecv@wp.com
465,mnewlandscw,7G0RKS10K3W,Mariquilla,Newlands,mnewlandscw@shinystat.com
466,bcossamcx,uOdFFMvmS,Brit,Cossam,bcossamcx@bloomberg.com
467,bmcclurecy,t9z5KH,Budd,McClure,bmcclurecy@timesonline.co.uk
468,tminthorpecz,S28uDjca,Tulley,Minthorpe,tminthorpecz@independent.co.uk
469,mblemend0,eb8Dae7agDXR,Marys,Blemen,mblemend0@digg.com
470,jboulstridged1,soxPAIZ,Jorgan,Boulstridge,jboulstridged1@amazon.co.uk
471,wbendsond2,Ai0bURw6V5,Welch,Bendson,wbendsond2@accuweather.com
472,stryhornd3,1xySuKyV0,Son,Tryhorn,stryhornd3@google.pl
473,yazemad4,rs6wrUvGsgg,Yancey,Azema,yazemad4@samsung.com
474,mdeckerd5,aQRec9dXO0,Maitilde,Decker,mdeckerd5@nytimes.com
475,epickerilld6,7hieHVtDy,Elsworth,Pickerill,epickerilld6@domainmarket.com
476,dbittlestoned7,rCT208wIRjD,Dwight,Bittlestone,dbittlestoned7@ehow.com
477,vrangled8,pjBVIQuLCi,Vinny,Rangle,vrangled8@prlog.org
478,lwaszczykowskid9,wdp2ZlSVCcq,Lindsey,Waszczykowski,lwaszczykowskid9@google.es
479,rmauchlenda,RbmKrUk,Richmound,Mauchlen,rmauchlenda@google.com.au
480,kescoffreydb,NSUI2c,Kirby,Escoffrey,kescoffreydb@usa.gov
481,mededc,AhOfBYDxT,Mariana,Ede,mededc@java.com
482,vfeavyourdd,DjI1tv0WzRWx,Vanni,Feavyour,vfeavyourdd@booking.com
483,ccampagnede,sxKHaTz,Constantine,Campagne,ccampagnede@odnoklassniki.ru
484,hwreiforddf,HceAM2,Hollyanne,Wreiford,hwreiforddf@fema.gov
485,lschererdg,6ok6ik1Vu,Leonie,Scherer,lschererdg@deliciousdays.com
486,cdoogdh,6VWgYVYr6THf,Cherye,Doog,cdoogdh@reuters.com
487,hayliffdi,r63uMY,Hermy,Ayliff,hayliffdi@people.com.cn
488,aingraydj,KASJaUHJ,Aylmar,Ingray,aingraydj@fema.gov
489,gfehnersdk,SYTvfPd,Gerta,Fehners,gfehnersdk@tmall.com
490,sbisterdl,ri4Gct,Shana,Bister,sbisterdl@europa.eu
491,vdominichettidm,qlrRa0,Virginia,Dominichetti,vdominichettidm@facebook.com
492,jbenainedn,BicBiao5sgC,Joscelin,Benaine,jbenainedn@barnesandnoble.com
493,dseeviourdo,FD664pjFo,Dannye,Seeviour,dseeviourdo@so-net.ne.jp
494,skeetondp,Bt2fZGQ,Sheffie,Keeton,skeetondp@infoseek.co.jp
495,pshallcrassdq,WziavpR0,Paige,Shallcrass,pshallcrassdq@is.gd
496,dblaisedr,j2l4teFVORB,Diahann,Blaise,dblaisedr@mysql.com
497,gdohrmannds,0Gd4h6u,Germain,Dohrmann,gdohrmannds@hao123.com
498,dvanesdt,A9L9WBdI3Ge,Dael,Vanes,dvanesdt@issuu.com
499,ctashdu,cDj7Um,Carrissa,Tash,ctashdu@examiner.com
500,sspringatedv,ZJzOke,Suzette,Springate,sspringatedv@usa.gov
501,rmccandiedw,QvVEHjf3OR,Rowe,McCandie,rmccandiedw@dagondesign.com
502,ojervoisedx,E0RMAYvLR,Orbadiah,Jervoise,ojervoisedx@biglobe.ne.jp
503,garkildy,Pb6QxrfkpGo,Garland,Arkil,garkildy@wisc.edu
504,ghoggandz,tlhZQfvEiR,Grete,Hoggan,ghoggandz@sina.com.cn
505,ejestecoe0,ydTKhCSQMo,Estel,Jesteco,ejestecoe0@opensource.org
506,smcquilline1,ME6Q6Ij,Sandy,McQuillin,smcquilline1@mtv.com
507,ecussinse2,b5hdTZr2uiM,Esmaria,Cussins,ecussinse2@google.ca
508,edaceye3,GFz7OT,Eberto,Dacey,edaceye3@nih.gov
509,mgribbone4,ueaQBNNl,Marquita,Gribbon,mgribbone4@princeton.edu
510,tmacconneelye5,jTX3iGwx5C,Tabbie,MacConneely,tmacconneelye5@google.co.uk
511,sbowee6,cnSsQK,Sayer,Bowe,sbowee6@army.mil
512,srispine7,VmIMHIt,Sasha,Rispin,srispine7@statcounter.com
513,kscudderse8,kKaMpBt7d59R,Ketty,Scudders,kscudderse8@wikimedia.org
514,mphilbrooke9,LufluJqsKgsS,Mureil,Philbrook,mphilbrooke9@sciencedaily.com
515,cewingsea,9rWNbcs4x4,Chester,Ewings,cewingsea@businessweek.com
516,pmcleaneb,PhRx1pfdl,Pearl,McLean,pmcleaneb@cbsnews.com
517,kechalieec,xVCBPb47S,Kimbell,Echalie,kechalieec@un.org
518,rlismoreed,KOlEtsiUBXa,Rosana,Lismore,rlismoreed@irs.gov
519,vkoberaee,xAHJsUQccp,Vivie,Kobera,vkoberaee@gravatar.com
520,fovizeef,sfOJIHMHE7uS,Fee,Ovize,fovizeef@loc.gov
521,dalgyeg,wsqA8u,Dominique,Algy,dalgyeg@arstechnica.com
522,cvanderwalteh,q5NCi0Xg,Christian,Van Der Walt,cvanderwalteh@xinhuanet.com
523,kdalgardnoei,VMBFcL4Z,Kira,Dalgardno,kdalgardnoei@washingtonpost.com
524,iklewerej,8z9h0rZCgaxE,Ina,Klewer,iklewerej@kickstarter.com
525,anevinek,j3I3gWpo,Aurea,Nevin,anevinek@yahoo.co.jp
526,yaspallel,QnUtcY,Yasmin,Aspall,yaspallel@indiatimes.com
527,sbowmerem,acACQTnMkoMv,Sheba,Bowmer,sbowmerem@hostgator.com
528,fallflatten,quAmo3Zs3ZS,Franni,Allflatt,fallflatten@google.cn
529,rvolanteeo,EGSBYc,Raleigh,Volante,rvolanteeo@yellowpages.com
530,efideleep,YoWoxRwZDg0O,Edita,Fidele,efideleep@usgs.gov
531,awinghameq,huFjA3T,Adelind,Wingham,awinghameq@apache.org
532,emarcqer,DF2tnKPCwHZ,Edy,Marcq,emarcqer@reverbnation.com
533,cditzeles,4zp2Gsjmm,Corinne,Ditzel,cditzeles@wiley.com
534,weldershawet,2oi5cEtJa9,Winnie,Eldershaw,weldershawet@issuu.com
535,lpetegreweu,PaAdEYsoymOz,Leesa,Petegrew,lpetegreweu@mapquest.com
536,vgaucherev,8VF32BwQaD,Venita,Gaucher,vgaucherev@macromedia.com
537,opetrelloew,9Sp2hN3,Ossie,Petrello,opetrelloew@marriott.com
538,rfineex,NlYHYU,Ronald,Fine,rfineex@parallels.com
539,tpeggey,aneKak,Talyah,Pegg,tpeggey@ed.gov
540,scrostonez,xC3lT1em4I,Silvanus,Croston,scrostonez@github.io
541,rcarisf0,ljZmpwoYY,Redd,Caris,rcarisf0@google.pl
542,ohartopf1,NV5DrnDMF,Obed,Hartop,ohartopf1@behance.net
543,bcurdf2,LNZsh1,Bonnibelle,Curd,bcurdf2@washington.edu
544,whaleyf3,NLg6VqHPRs1K,Wilt,Haley,whaleyf3@rambler.ru
545,bgonzalof4,rKMSf8bImVV,Benny,Gonzalo,bgonzalof4@house.gov
546,jstemsonf5,0R06NU,June,Stemson,jstemsonf5@posterous.com
547,ablackborof6,qzaLIB,Adelle,Blackboro,ablackborof6@paginegialle.it
548,eneilsonf7,eLXUxf,Erica,Neilson,eneilsonf7@constantcontact.com
549,gchastneyf8,JqArhBjG,Grazia,Chastney,gchastneyf8@wsj.com
550,kthirlawayf9,KLThziv4Qvv,Katy,Thirlaway,kthirlawayf9@businesswire.com
551,griselyfa,rhvf1hwDD9J,Giffy,Risely,griselyfa@surveymonkey.com
552,kgratrexfb,tciLGZ,Kary,Gratrex,kgratrexfb@yellowpages.com
553,felcombfc,sylQbWrrADTY,Felecia,Elcomb,felcombfc@jigsy.com
554,osturzakerfd,FAB119ogUB7r,Orlando,Sturzaker,osturzakerfd@discovery.com
555,nsimisonfe,X2CCzQqi8K,Nickolaus,Simison,nsimisonfe@vimeo.com
556,ldjurdjevicff,9kOhwWlHYUqw,Laurella,Djurdjevic,ldjurdjevicff@squidoo.com
557,blitherboroughfg,NpYGnLdou,Barr,Litherborough,blitherboroughfg@google.co.jp
558,astonesfh,i52VnWJPh,Aldric,Stones,astonesfh@paginegialle.it
559,bstoodleyfi,HhZs285F,Barnie,Stoodley,bstoodleyfi@artisteer.com
560,iabellafj,uy8lYifT,Idalina,Abella,iabellafj@vimeo.com
561,jdaniellfk,JzS4cQDmh4h,Jackqueline,Daniell,jdaniellfk@theglobeandmail.com
562,bthurbornfl,iFvFNaEtuP,Bevin,Thurborn,bthurbornfl@ask.com
563,iwalrondfm,1yNqQvA,Ignatius,Walrond,iwalrondfm@umich.edu
564,evickressfn,1YZ8eRz3Y,Eddi,Vickress,evickressfn@miitbeian.gov.cn
565,spawlingfo,gpoVknoKdNm,Sarina,Pawling,spawlingfo@cocolog-nifty.com
566,ccoultonfp,V678YQUYAtX,Carmencita,Coulton,ccoultonfp@dion.ne.jp
567,bmaudfq,YMXATzp3I9PI,Brennen,Maud,bmaudfq@stanford.edu
568,mfoulisfr,50TQLn4YTe,Marley,Foulis,mfoulisfr@symantec.com
569,bhirthfs,hTw4d2vaS,Babb,Hirth,bhirthfs@epa.gov
570,alindborgft,V8MkljKmzC,Ashlen,Lindborg,alindborgft@oaic.gov.au
571,mgalierfu,451kdF,Melisent,Galier,mgalierfu@earthlink.net
572,jpriddenfv,6ex4L30vU6l,Julieta,Pridden,jpriddenfv@washington.edu
573,mhaggletonfw,iaRbqQXkVt2D,Meyer,Haggleton,mhaggletonfw@globo.com
574,askeldingfx,MBux1SV,Alexa,Skelding,askeldingfx@google.com
575,dlowthorpefy,VDxRKtU,Dorice,Lowthorpe,dlowthorpefy@gmpg.org
576,imccullouchfz,zNe1jbw,Imelda,McCullouch,imccullouchfz@mac.com
577,jsnaddeng0,WFwuZCt,Justino,Snadden,jsnaddeng0@nationalgeographic.com
578,eblackboroughg1,62rDTQ,Enoch,Blackborough,eblackboroughg1@ucoz.com
579,wunsworthg2,XyCdvDINMOx0,Warden,Unsworth,wunsworthg2@usa.gov
580,wmurtimerg3,XOAEhhmsJ,Welbie,Murtimer,wmurtimerg3@digg.com
581,btraceyg4,qx1UFZYv3,Berget,Tracey,btraceyg4@360.cn
582,dchaiseg5,iNNYedB5CE,Demetra,Chaise,dchaiseg5@wired.com
583,dhiblingg6,8DspMVCz5,Devy,Hibling,dhiblingg6@house.gov
584,cjoretg7,tmGS0L9wE3Se,Cammy,Joret,cjoretg7@telegraph.co.uk
585,htitcombeg8,OiSGKLm,Herculie,Titcombe,htitcombeg8@theguardian.com
586,tfieldg9,Ugn02nB,Teresita,Field,tfieldg9@cloudflare.com
587,awhistlecroftga,FNiJKma3,Ali,Whistlecroft,awhistlecroftga@dailymail.co.uk
588,rdungategb,T6obwf38,Rudolph,Dungate,rdungategb@networkadvertising.org
589,eallerygc,NQ9K9Mw2,Evangelin,Allery,eallerygc@businessinsider.com
590,jlangabeergd,9WvgFAIqvGd,Janka,Langabeer,jlangabeergd@free.fr
591,eabrahmsonge,IzTcMY,Ethan,Abrahmson,eabrahmsonge@google.co.uk
592,ebrookegf,4Z5T33vL,Emmery,Brooke,ebrookegf@wordpress.com
593,chempshallgg,qrucyq,Charmain,Hempshall,chempshallgg@printfriendly.com
594,croycroftgh,gslrj0Nhx,Carla,Roycroft,croycroftgh@sina.com.cn
595,kpapezgi,DNL1Rt,Kelcie,Papez,kpapezgi@rambler.ru
596,wdriscollgj,IswK5ZPp8VGT,Walt,Driscoll,wdriscollgj@answers.com
597,hkilsbygk,Em8Arxf,Horatius,Kilsby,hkilsbygk@tripadvisor.com
598,rsparrowhawkgl,B9lZZA,Ronni,Sparrowhawk,rsparrowhawkgl@artisteer.com
599,vpoulstongm,YSV0tE,Vasilis,Poulston,vpoulstongm@usda.gov
600,vtollemachegn,8Jj6kTCQ,Valli,Tollemache,vtollemachegn@ifeng.com
601,wivensgo,BHAdDcfVYqR,Wilek,Ivens,wivensgo@webmd.com
602,mheinsengp,2ZWtYD8q3LgK,Mannie,Heinsen,mheinsengp@ebay.co.uk
603,tgotcliffegq,3p0oJrCbvfM,Tommy,Gotcliffe,tgotcliffegq@g.co
604,tphilipotgr,MoIFwp9,Tabbie,Philipot,tphilipotgr@printfriendly.com
605,lpenticostgs,envh7K,Liuka,Penticost,lpenticostgs@nyu.edu
606,rgrimoldbygt,Nne8Uu,Roseanna,Grimoldby,rgrimoldbygt@homestead.com
607,fgrutegu,4MBLIezcLa,Felice,Grute,fgrutegu@soundcloud.com
608,nglassborowgv,7aNYRpmz9M,Nels,Glassborow,nglassborowgv@tripadvisor.com
609,dhargrevesgw,Hlh00WAILA,Devi,Hargreves,dhargrevesgw@cnn.com
610,flittlefairgx,rshaAvyOwh,Flint,Littlefair,flittlefairgx@accuweather.com
611,bsteartgy,csd5Jl,Barret,Steart,bsteartgy@cdc.gov
612,lsimonuttigz,Iw2L69E50VU,Lonnard,Simonutti,lsimonuttigz@reddit.com
613,memmersonh0,4cKRWvnu,Martelle,Emmerson,memmersonh0@marketwatch.com
614,bdevaenh1,gFkHg9FT,Bree,de Vaen,bdevaenh1@e-recht24.de
615,isulllyh2,hmuzDr0,Ivette,Sullly,isulllyh2@deviantart.com
616,mmarnaneh3,Wu2O6pGz,Marcela,Marnane,mmarnaneh3@diigo.com
617,mmaryeth4,XQn4hWDEng,Milli,Maryet,mmaryeth4@symantec.com
618,ginesonh5,bDfaq3nswAri,Glynis,Ineson,ginesonh5@clickbank.net
619,fpainterh6,o1O9uky6,Flore,Painter,fpainterh6@buzzfeed.com
620,ngoulderh7,kgFUkybSp4,Nicolis,Goulder,ngoulderh7@loc.gov
621,cgerdingh8,HjBxs8gp,Courtnay,Gerding,cgerdingh8@flickr.com
622,jshapcoteh9,0kEA8Kr,Janel,Shapcote,jshapcoteh9@aol.com
623,kleightonha,KMOuKzF8,Kitti,Leighton,kleightonha@merriam-webster.com
624,wkeateshb,EjbTBbJ,Weston,Keates,wkeateshb@harvard.edu
625,vsislandhc,JM3o4UxijKf,Vassili,Sisland,vsislandhc@over-blog.com
626,iciepluchhd,fH1XLvbn,Izak,Ciepluch,iciepluchhd@walmart.com
627,aedinborohe,Y9mOwthEeMYn,Ado,Edinboro,aedinborohe@go.com
628,jcokerhf,PlNBlwM2Or7,Jo-anne,Coker,jcokerhf@behance.net
629,gdudbridgehg,Zn6aioTH,Guendolen,Dudbridge,gdudbridgehg@engadget.com
630,smokeshh,7oOq9Vntl,Simone,Mokes,smokeshh@ehow.com
631,mpigromehi,dxhmfNUaznF,Mahalia,Pigrome,mpigromehi@youtu.be
632,mfechniehj,meFygz2EgWv,Misha,Fechnie,mfechniehj@jimdo.com
633,bdumphrieshk,vcLjG5L,Betsy,Dumphries,bdumphrieshk@seesaa.net
634,hloughtonhl,jOdgxWB7,Harper,Loughton,hloughtonhl@typepad.com
635,eallstonhm,YEWsYccHXcB,Elva,Allston,eallstonhm@sourceforge.net
636,ddohn,n6UxZO,Dorise,Do,ddohn@google.com.hk
637,kelstobho,uhhRHte,Kikelia,Elstob,kelstobho@cmu.edu
638,ahaackerhp,wBVsHsw1xWY,Anthiathia,Haacker,ahaackerhp@pcworld.com
639,nungerechthq,FqjTneM,Nikaniki,Ungerecht,nungerechthq@angelfire.com
640,ucorintonhr,sYwjSc,Udall,Corinton,ucorintonhr@telegraph.co.uk
641,gswanwickhs,Kfu6VkaSq,Gran,Swanwick,gswanwickhs@sphinn.com
642,rstegelht,q4pd2J,Rogerio,Stegel,rstegelht@cdc.gov
643,mbrodwayhu,J9ICnilCVw7,Mil,Brodway,mbrodwayhu@a8.net
644,droakeshv,YIQ6d9yhGpy6,Deni,Roakes,droakeshv@reddit.com
645,lelesanderhw,HJIDgusI,Lavinie,Elesander,lelesanderhw@microsoft.com
646,eadicothx,8vftHRd,Elmore,Adicot,eadicothx@is.gd
647,vstubbingshy,yss5P9526,Vinny,Stubbings,vstubbingshy@google.fr
648,terasmushz,dp80kMNR,Terrence,Erasmus,terasmushz@sourceforge.net
649,csmithemani0,mFV83O,Codie,Smitheman,csmithemani0@biglobe.ne.jp
650,gmontei1,xAzMQR,Guillermo,Monte,gmontei1@ameblo.jp
651,cdregani2,tZyPLDuwO,Clim,Dregan,cdregani2@prweb.com
652,kkerridgei3,T2NtaW,Kylen,Kerridge,kkerridgei3@printfriendly.com
653,ndemicolii4,QV5Siox58mul,Norean,Demicoli,ndemicolii4@imdb.com
654,lbeardshawi5,9Y5OH455h,Lionel,Beardshaw,lbeardshawi5@netscape.com
655,brimmeri6,vwIEzeZALsB,Brnaby,Rimmer,brimmeri6@freewebs.com
656,gbusfieldi7,zLOxovfM7Tkp,Giavani,Busfield,gbusfieldi7@mit.edu
657,ahaliburni8,5atxId0,Abbi,Haliburn,ahaliburni8@latimes.com
658,bcharrissoni9,vXkQAB2Dt8XT,Brendin,Charrisson,bcharrissoni9@cam.ac.uk
659,pgammillia,P1G81kEI6yw,Perl,Gammill,pgammillia@wired.com
660,ovasnetsovib,Ewl58I,Obed,Vasnetsov,ovasnetsovib@amazon.co.jp
661,bdemicheleic,5TSZMKUZ,Bald,De Michele,bdemicheleic@bloomberg.com
662,vbillingid,YoqsWrbTjUH,Vanna,Billing,vbillingid@tuttocitta.it
663,aadesie,xSx4QYkPJ,Amery,Ades,aadesie@google.com.au
664,dcallcottif,hnnlKq2,Dulcia,Callcott,dcallcottif@example.com
665,egilhespyig,BeXWfKn3p7py,Errol,Gilhespy,egilhespyig@bing.com
666,mdrinkhillih,v4DgRUjwUpB,Myles,Drinkhill,mdrinkhillih@php.net
667,klongfellowii,rqStLmsTUtE,Kahaleel,Longfellow,klongfellowii@umich.edu
668,kedysonij,drqxxUexLQ,Kristi,Edyson,kedysonij@hubpages.com
669,rleynaghik,LRkQoiOD9Q,Renell,Leynagh,rleynaghik@europa.eu
670,lchasleil,oyn6v9j,Leticia,Chasle,lchasleil@craigslist.org
671,jcasoim,b56qZ1YCZW,Jacklin,Caso,jcasoim@wsj.com
672,fbastiein,RNYwUNb,Fleurette,Bastie,fbastiein@1688.com
673,lfattoreio,qCgGt04e,Leyla,Fattore,lfattoreio@mozilla.com
674,ksperskiip,nJW1PGucde8,Kyrstin,Sperski,ksperskiip@ycombinator.com
675,gshobbrookiq,c5s7ti,Gayel,Shobbrook,gshobbrookiq@plala.or.jp
676,bmccarterir,35lILFf,Burton,McCarter,bmccarterir@flavors.me
677,rpoxsonis,9zdNem4sSIU,Robina,Poxson,rpoxsonis@scribd.com
678,hbailsit,FfZqEf,Hunt,Bails,hbailsit@ifeng.com
679,dsaccoiu,QZhgpD,Daveen,Sacco,dsaccoiu@about.me
680,ctalmadgeiv,CS8SdU,Clotilda,Talmadge,ctalmadgeiv@addthis.com
681,yslocumiw,tTRZz54q,Yard,Slocum,yslocumiw@posterous.com
682,skupecix,hqi9a9Ell,Sheffy,Kupec,skupecix@amazon.com
683,gristiy,C7s6lpSYnI,Gwyn,Rist,gristiy@dagondesign.com
684,jtremayleiz,NwLB7D9tjO,Jacklyn,Tremayle,jtremayleiz@cisco.com
685,tsoroj0,F11tQK,Tory,Soro,tsoroj0@histats.com
686,cpeachj1,5Z9Ryfk,Cynthy,Peach,cpeachj1@dailymail.co.uk
687,hfernandesj2,catv3dOdH,Harrietta,Fernandes,hfernandesj2@dell.com
688,rmcgingj3,NIfSGOdYu,Rabi,McGing,rmcgingj3@wordpress.com
689,rkernanj4,DBnMgbCervDU,Robby,Kernan,rkernanj4@cafepress.com
690,asedgebeerj5,Azwcl4Fuz,Alyce,Sedgebeer,asedgebeerj5@boston.com
691,tteligaj6,ledFj74WQJ5x,Tallie,Teliga,tteligaj6@globo.com
692,obaldrickj7,gqcGQJ,Otha,Baldrick,obaldrickj7@yolasite.com
693,dmanhoodj8,mXYaaVQM,Delbert,Manhood,dmanhoodj8@bbc.co.uk
694,dleefej9,OxgafJTt,Diandra,Leefe,dleefej9@discuz.net
695,rjamsonja,UgOSzsIT,Rubi,Jamson,rjamsonja@stumbleupon.com
696,ndurningjb,bo6NCxMRa4Vv,Nadiya,Durning,ndurningjb@diigo.com
697,lalexandrescujc,jUzOYVpm,Liane,Alexandrescu,lalexandrescujc@noaa.gov
698,gguittejd,ZStmJm3,Giselle,Guitte,gguittejd@free.fr
699,cthurbonje,x2IFEed5,Clim,Thurbon,cthurbonje@ibm.com
700,agodardjf,I7hLOYfCbo,Alyda,Godard,agodardjf@mozilla.org
701,ggilejg,SfMaJPwuqsD,Gretchen,Gile,ggilejg@msu.edu
702,gharcourtjh,weg9dE,Georgianne,Harcourt,gharcourtjh@arizona.edu
703,clivezleyji,2Fy9KU,Chrystal,Livezley,clivezleyji@issuu.com
704,aklimowiczjj,RdgteB,Aleda,Klimowicz,aklimowiczjj@addtoany.com
705,wcrewjk,vLn9OyrjcK,Wilburt,Crew,wcrewjk@eventbrite.com
706,flantjl,ezB7Eh187EAY,Farah,Lant,flantjl@github.com
707,lsedgeworthjm,xwJysiqHtG,Lorenza,Sedgeworth,lsedgeworthjm@tinyurl.com
708,alaylandjn,biHds2eswiHX,Antonie,Layland,alaylandjn@yandex.ru
709,ddemageardjo,8AYLQYW3n,Dianne,Demageard,ddemageardjo@list-manage.com
710,dbrinkleyjp,yZfK4119,Dayna,Brinkley,dbrinkleyjp@usatoday.com
711,kbrandsjq,1P1Ribqss,Karena,Brands,kbrandsjq@diigo.com
712,oingrayjr,FQw4Ml8fGIQY,Orton,Ingray,oingrayjr@devhub.com
713,hmccruddenjs,l1VSJiQTKfC,Hunfredo,McCrudden,hmccruddenjs@cnet.com
714,ghatherleyjt,PijdAFz,Galvan,Hatherley,ghatherleyjt@bloglovin.com
715,bmacuchadairju,KNmIvXJydp,Beverley,MacUchadair,bmacuchadairju@webnode.com
716,pgerbeljv,A6BeScw,Pammi,Gerbel,pgerbeljv@dailymotion.com
717,espedronijw,ssXF7h,Eduardo,Spedroni,espedronijw@mashable.com
718,rrewjx,NpjBfU0OEVc,Rafaellle,Rew,rrewjx@aol.com
719,gmathiejy,HOQJyqsdU6u,Goddart,Mathie,gmathiejy@godaddy.com
720,cdalbeyjz,YYTYebQQ9yj,Candi,Dalbey,cdalbeyjz@twitpic.com
721,tmorink0,7RVtwNFcCC,Ted,Morin,tmorink0@paypal.com
722,rchinnockk1,gwjJGVeCf,Rosita,Chinnock,rchinnockk1@earthlink.net
723,fmagogk2,pIxUy3atLi,Fina,Magog,fmagogk2@marriott.com
724,tsumersk3,j0IAzMbnR5,Tiffany,Sumers,tsumersk3@hugedomains.com
725,nphilpottsk4,DvVG8UhK6V,Natty,Philpotts,nphilpottsk4@cafepress.com
726,oludfordk5,O8zVCJDX,Oona,Ludford,oludfordk5@g.co
727,sivaink6,SVIIrBLMFbD,Suzi,Ivain,sivaink6@tripadvisor.com
728,gpowlesk7,w8VyTjvOrDk,Gar,Powles,gpowlesk7@meetup.com
729,ecaurahk8,HoQjFcwH,Eadmund,Caurah,ecaurahk8@squarespace.com
730,lterzik9,FhbaJ4FJB3r,Lee,Terzi,lterzik9@noaa.gov
731,hdanherka,zVqc43BvjE3C,Hartley,Danher,hdanherka@posterous.com
732,sfulgerkb,TPA4BJ3TNpy,Suzanne,Fulger,sfulgerkb@fda.gov
733,keagleskc,25ShyaOFi,Kevyn,Eagles,keagleskc@is.gd
734,rbeadmankd,FJ4KYRjh,Red,Beadman,rbeadmankd@odnoklassniki.ru
735,estummeyerke,8h9lgzNhy6,Evita,Stummeyer,estummeyerke@economist.com
736,odosdalekf,f0M6EW,Odelia,Dosdale,odosdalekf@github.com
737,ktreugekg,DCq6DkDtb8i,Katharyn,Treuge,ktreugekg@home.pl
738,dolivekh,s0hBd7e,De witt,Olive,dolivekh@blog.com
739,awoollacottki,gDb67Y3CJx6r,Andriette,Woollacott,awoollacottki@dmoz.org
740,kmcmurthykj,cyOdlshOJpzr,Kimmi,McMurthy,kmcmurthykj@github.io
741,vbraunfeldkk,E5qapTgt1,Verene,Braunfeld,vbraunfeldkk@drupal.org
742,rgoedekl,fbkZzk4Z4,Reggie,Goede,rgoedekl@1und1.de
743,moliphardkm,v79LQG3bc5,Maximilien,Oliphard,moliphardkm@usnews.com
744,rlittkn,iNu76vp,Raeann,Litt,rlittkn@people.com.cn
745,gmunslowko,7UXvDqoK,Gabriell,Munslow,gmunslowko@chronoengine.com
746,gdelavaletteparisotkp,km5sgepEvZT,Gradeigh,de la Valette Parisot,gdelavaletteparisotkp@sciencedaily.com
747,jnyekq,joKupRc,Jaclyn,Nye,jnyekq@barnesandnoble.com
748,lsnoddenkr,dvWgdQiu,Lefty,Snodden,lsnoddenkr@hc360.com
749,tonionks,bC53Ig1Tyah,Tasia,Onion,tonionks@pcworld.com
750,cboolsenkt,S6uUjprF3fG,Charmane,Boolsen,cboolsenkt@princeton.edu
751,zspykinsku,huoAfThKjK,Zulema,Spykins,zspykinsku@lycos.com
752,emarchkv,oxNJtxMo,Errol,March,emarchkv@xrea.com
753,wdysonkw,zqEhSJ,Walden,Dyson,wdysonkw@ihg.com
754,alabuschkx,V02GSNPvGr,Ansley,Labusch,alabuschkx@4shared.com
755,mritmeierky,gxWpQmGzq,Mead,Ritmeier,mritmeierky@amazon.com
756,lbrandlikz,ORAFEMq,Lawrence,Brandli,lbrandlikz@eepurl.com
757,arushmanl0,XJ8NJ7zemE,Auberta,Rushman,arushmanl0@nbcnews.com
758,blantophl1,DrdFV6,Barnaby,Lantoph,blantophl1@senate.gov
759,asutorl2,Vplaph5m,Abey,Sutor,asutorl2@japanpost.jp
760,dtuckermanl3,549fF8M5bTzr,Dorris,Tuckerman,dtuckermanl3@omniture.com
761,tsheall4,fFIu2eOqe,Tam,Sheal,tsheall4@guardian.co.uk
762,dainsbyl5,YrZNYe3,Derek,Ainsby,dainsbyl5@rambler.ru
763,cbrooksonl6,tkV1f0NRwFvL,Connie,Brookson,cbrooksonl6@imgur.com
764,emoradl7,ulQAAT,Evelyn,Morad,emoradl7@seesaa.net
765,jwankal8,RWBwbrFQL9,Janina,Wanka,jwankal8@hao123.com
766,mroakel9,bABFVKV,Minnnie,Roake,mroakel9@simplemachines.org
767,mchesmanla,5FgxMOXr5V,Maryanne,Chesman,mchesmanla@godaddy.com
768,ggoodleylb,lRi6XRQA,Giffer,Goodley,ggoodleylb@ask.com
769,smccomblc,itaf2UXkEA,Sandro,McComb,smccomblc@blogs.com
770,mgurryld,YtJfYCpsadUb,Michell,Gurry,mgurryld@google.pl
771,dvanbrugle,ngJ7zQ,Domeniga,Van Brug,dvanbrugle@linkedin.com
772,cgregoirelf,CSTQ9dONiXkU,Connor,Gregoire,cgregoirelf@phoca.cz
773,twearnlg,bTNcLUb6,Tarrah,Wearn,twearnlg@comsenz.com
774,cgrinstedlh,NBieVC8CsVk,Celka,Grinsted,cgrinstedlh@phoca.cz
775,adoileyli,iyqDg6c1AE,Adriaens,Doiley,adoileyli@gov.uk
776,wgeddeslj,xQJ2sPD0,Willa,Geddes,wgeddeslj@nature.com
777,tworshalllk,eHCiulu,Thom,Worshall,tworshalllk@people.com.cn
778,lfalcoll,FM7PezpFa,Linet,Falco,lfalcoll@usatoday.com
779,jhamlingtonlm,R9NmZx,Jeniffer,Hamlington,jhamlingtonlm@e-recht24.de
780,bmcmenaminln,H54uBYCo,Brian,McMenamin,bmcmenaminln@home.pl
781,lghiriardellilo,bNzHvQyDFA,Leeanne,Ghiriardelli,lghiriardellilo@123-reg.co.uk
782,jtitfordlp,g1qGuKPFOtF,Jillene,Titford,jtitfordlp@sohu.com
783,cstubbinslq,YZRYma53ZynA,Chadd,Stubbins,cstubbinslq@clickbank.net
784,athoraldlr,ytcRvJxPa7e,Anabella,Thorald,athoraldlr@about.com
785,spalfremanls,J18dSM,Stefania,Palfreman,spalfremanls@slashdot.org
786,emanjotlt,skyu8mw,Ethelin,Manjot,emanjotlt@discuz.net
787,btriplowlu,hGtMUpnUVJ,Bernhard,Triplow,btriplowlu@cdc.gov
788,sclemmensenlv,YkzWyD,Sheila-kathryn,Clemmensen,sclemmensenlv@xinhuanet.com
789,lhucksterlw,TNO0ZQWyEjP,L;urette,Huckster,lhucksterlw@phoca.cz
790,adallistonlx,6ZsxdlPs,Austin,Dalliston,adallistonlx@redcross.org
791,moertzenly,3nkeCk,Malvina,Oertzen,moertzenly@discuz.net
792,bramaslz,ekjaQC,Bell,Ramas,bramaslz@pcworld.com
793,eoliviam0,VdAE4aEkt,Elsey,Olivia,eoliviam0@dion.ne.jp
794,nskirlingm1,AKpdJn9WoMTL,Nathan,Skirling,nskirlingm1@freewebs.com
795,dmcgloughlinm2,iCWAVlZZZXE,Dotti,McGloughlin,dmcgloughlinm2@drupal.org
796,rbromheadm3,rUJjeGxJ,Royall,Bromhead,rbromheadm3@blogs.com
797,dmcconnelm4,PdyRnMUSJB,Derron,McConnel,dmcconnelm4@ox.ac.uk
798,gmaxwellm5,051E0p,Gay,Maxwell,gmaxwellm5@arstechnica.com
799,steglerm6,1MQo077Qve,Solly,Tegler,steglerm6@shutterfly.com
800,rsimeonem7,qLGYzYYByupn,Ronalda,Simeone,rsimeonem7@msu.edu
801,rthrushm8,HnuGkF5g3gUc,Rochell,Thrush,rthrushm8@aol.com
802,btrowelm9,YmEP6tk,Burgess,Trowel,btrowelm9@nymag.com
803,wrultenma,IQOEZasMR3,Wood,Rulten,wrultenma@yellowpages.com
804,tallertonmb,QTmm0jWm1,Terese,Allerton,tallertonmb@nifty.com
805,vmackeigmc,O64WHPUyeZ,Vita,MacKeig,vmackeigmc@adobe.com
806,hcollopymd,83bcSRorhtx,Halli,Collopy,hcollopymd@php.net
807,rmettsme,VEIfomz0rj,Rosella,Metts,rmettsme@constantcontact.com
808,rcrisfordmf,dp1WTmUfqb,Raquela,Crisford,rcrisfordmf@i2i.jp
809,dbailliemg,36HTcD2E3vK,Devlin,Baillie,dbailliemg@skyrock.com
810,scrainmh,njqI6CBr,Sheilakathryn,Crain,scrainmh@techcrunch.com
811,cjoriotmi,n86ZYM,Christoffer,Joriot,cjoriotmi@zimbio.com
812,fgoormj,W9kxNVjJmlD7,Ferdinanda,Goor,fgoormj@flickr.com
813,dcronshawmk,GCtTDqn0XJ,Damara,Cronshaw,dcronshawmk@gravatar.com
814,omoyseyml,Vb7kVUehdPC3,Ora,Moysey,omoyseyml@zimbio.com
815,dmcgarriemm,qIQQWTfMtG,Dolley,McGarrie,dmcgarriemm@sohu.com
816,fbucknallmn,HtAWSixuI9yM,Fergus,Bucknall,fbucknallmn@furl.net
817,vroisenmo,s5jrsmS5,Vivyan,Roisen,vroisenmo@flavors.me
818,gsolamp,F3CTHrDKA,Garland,Sola,gsolamp@4shared.com
819,klormanmq,q79iJCXy,Kirsten,Lorman,klormanmq@webmd.com
820,mwarbrickmr,8rfIccvUx,Marchelle,Warbrick,mwarbrickmr@pbs.org
821,rembyms,98lSGT43xQ,Remy,Emby,rembyms@home.pl
822,tgrintmt,JFKxLry8,Tome,Grint,tgrintmt@w3.org
823,cscarsbrickmu,2QfbEf12,Carney,Scarsbrick,cscarsbrickmu@fema.gov
824,moxtarbymv,JPU72JfTKM,Michail,Oxtarby,moxtarbymv@sun.com
825,nhalliganmw,eMJHZe3RW,Nananne,Halligan,nhalliganmw@loc.gov
826,jskatemx,ezFbUzE,Jereme,Skate,jskatemx@ed.gov
827,caronsonmy,myRq3nY,Corbett,Aronson,caronsonmy@unblog.fr
828,wfellismz,gNNikHG25y,Wylma,Fellis,wfellismz@quantcast.com
829,edustn0,YWTV2L4HXgeq,Eba,Dust,edustn0@apple.com
830,nthumannn1,otth0P,Nomi,Thumann,nthumannn1@lulu.com
831,efarressn2,pDPJ5eLJW6,Elysee,Farress,efarressn2@discuz.net
832,tweatherburnn3,WFURVQWKzKaf,Tiff,Weatherburn,tweatherburnn3@tripadvisor.com
833,hizzattn4,Bp33zKOd2c,Harman,Izzatt,hizzattn4@hibu.com
834,msurgenn5,tiiJcA,Marni,Surgen,msurgenn5@dedecms.com
835,mdoswelln6,27QncCZ,Morty,Doswell,mdoswelln6@google.fr
836,pskelingtonn7,XFX0l2PxM3GL,Pandora,Skelington,pskelingtonn7@walmart.com
837,bgooddayn8,MoAIFjz,Barret,Goodday,bgooddayn8@auda.org.au
838,mteressen9,zQfaL0xK6D3a,Matilda,Teresse,mteressen9@cbslocal.com
839,fmansellna,0bfJgKqJ,Flem,Mansell,fmansellna@gmpg.org
840,switheringtonnb,MpnFoKOWddWf,Sheelah,Witherington,switheringtonnb@homestead.com
841,acristoforonc,fuccmo31Q,Allen,Cristoforo,acristoforonc@army.mil
842,lcawleynd,CgQDEebm8,Lark,Cawley,lcawleynd@time.com
843,cgibbinne,bJ7D64,Chev,Gibbin,cgibbinne@google.pl
844,slouwnf,swaYmMHnUHIa,Sibylla,Louw,slouwnf@amazon.com
845,mborrelng,U4ZZfTIygn5k,Mata,Borrel,mborrelng@vistaprint.com
846,esharremnh,ySneQOio,Elwyn,Sharrem,esharremnh@vinaora.com
847,adivallni,IAeVlPemtGbQ,Ardisj,Divall,adivallni@wikipedia.org
848,nharraldnj,QY9nZvR,Nancy,Harrald,nharraldnj@pbs.org
849,dmaccaughannk,DDWz0PbDQ0wc,Delinda,MacCaughan,dmaccaughannk@tripadvisor.com
850,cchristophersnl,Ta3U5RK2,Cookie,Christophers,cchristophersnl@lulu.com
851,wmarriannm,TolM0IsS82G9,Wylma,Marrian,wmarriannm@fema.gov
852,dcuradonn,fQLtB8,Desdemona,Curado,dcuradonn@cmu.edu
853,wsugarsno,Esp9IRc,Winfield,Sugars,wsugarsno@freewebs.com
854,ajegernp,75WjTJ,Any,Jeger,ajegernp@cnn.com
855,rculwennq,tc2mkl,Rita,Culwen,rculwennq@blogger.com
856,ddambrogionr,8E4Cgb0eq,Dimitri,D'Ambrogio,ddambrogionr@reverbnation.com
857,lfootens,ZBlmOND8x9,Lamont,Foote,lfootens@123-reg.co.uk
858,tmorchnt,7bAI2l8,Tawnya,Morch,tmorchnt@bbc.co.uk
859,ndoignu,vXOUX4Ph6li,Nara,Doig,ndoignu@g.co
860,hkemenv,xJfXxd1,Heriberto,Keme,hkemenv@rambler.ru
861,wmarczyknw,JUz1wH,Winonah,Marczyk,wmarczyknw@cmu.edu
862,jperassinx,tve9lgBQQ4z,Justina,Perassi,jperassinx@plala.or.jp
863,ggeraschny,MhxfhD8al,Garrot,Gerasch,ggeraschny@springer.com
864,dscotlandnz,8ujtAgeLa1j,Dirk,Scotland,dscotlandnz@blogs.com
865,akerneo0,gB3Th2VBlQ,Alecia,Kerne,akerneo0@pbs.org
866,clongfortho1,Atqhpusp,Cristian,Longforth,clongfortho1@bizjournals.com
867,cgeavenyo2,ykFSlTX,Caye,Geaveny,cgeavenyo2@mit.edu
868,navelingo3,76sRCLC2vl,Nonna,Aveling,navelingo3@wufoo.com
869,esambello4,idW55ga0L,Elsie,Sambell,esambello4@tmall.com
870,rreppo5,YUB0wsMW3F,Randell,Repp,rreppo5@elegantthemes.com
871,dbridgemano6,WAn9t2Lp4dI9,Dora,Bridgeman,dbridgemano6@joomla.org
872,aleavenso7,lNSxuhlIR,Adelaide,Leavens,aleavenso7@psu.edu
873,ssollono8,Undcg3ZXku,Sile,Sollon,ssollono8@nationalgeographic.com
874,amabboto9,XbCrKUE302j9,Alexander,Mabbot,amabboto9@com.com
875,ttavinoroa,MCEjb4QioTS,Torie,Tavinor,ttavinoroa@go.com
876,rregoob,y9HD3T,Rollins,Rego,rregoob@aboutads.info
877,klabrenzoc,EooXaQ,Kinny,Labrenz,klabrenzoc@ftc.gov
878,ahanhamod,eBM2E6kb,Artur,Hanham,ahanhamod@topsy.com
879,lricardetoe,Vnm9gAK,Lukas,Ricardet,lricardetoe@cbslocal.com
880,cmobbsof,cN3hYWgx,Clea,Mobbs,cmobbsof@aboutads.info
881,ijearumog,r7KA5L7VQ,Iago,Jearum,ijearumog@yale.edu
882,opollardoh,hWYlK091f7P,Odell,Pollard,opollardoh@facebook.com
883,nscrutonoi,xBuU8eF,Nicko,Scruton,nscrutonoi@canalblog.com
884,jimpletonoj,j8pvqUc4Vqn,Jamesy,Impleton,jimpletonoj@hatena.ne.jp
885,gvittoreok,EZtPp6Goq,Gonzales,Vittore,gvittoreok@free.fr
886,bnoadesol,RlWmJDhSrV6z,Blinnie,Noades,bnoadesol@squidoo.com
887,jdoniom,JmQuJjG,Jean,Doni,jdoniom@sitemeter.com
888,pdagnallon,EFR328X,Peggy,Dagnall,pdagnallon@vinaora.com
889,bwrothamoo,wWLFuNgCZweh,Buddy,Wrotham,bwrothamoo@mlb.com
890,chicksop,reL4OMSnaERx,Cynthie,Hicks,chicksop@zimbio.com
891,vcanerooq,Ew5io6cE,Verene,Canero,vcanerooq@cmu.edu
892,farnoldior,wLSOd7rJ,Fabe,Arnoldi,farnoldior@yelp.com
893,rskacelos,JfW3a3Rf,Robena,Skacel,rskacelos@apache.org
894,hjohannesot,UmDwUtM19,Harwell,Johannes,hjohannesot@usatoday.com
895,mloxtonou,W6bDBFUgR0E,Mandy,Loxton,mloxtonou@gnu.org
896,dtantiov,ijaUDJupo,Dorry,Tanti,dtantiov@nsw.gov.au
897,wkerfutow,uDJCQ3,Walker,Kerfut,wkerfutow@psu.edu
898,jroundsox,q761od8BPP,Joshua,Rounds,jroundsox@admin.ch
899,gjeavonoy,OZUFqOzliJNn,Gwenneth,Jeavon,gjeavonoy@businesswire.com
900,fbuckhamoz,wahyvWDiy,Frasier,Buckham,fbuckhamoz@baidu.com
901,lsongerp0,EO3r4S4N,Lulu,Songer,lsongerp0@globo.com
902,nbumphreyp1,N7k0HUt,Nicko,Bumphrey,nbumphreyp1@mit.edu
903,sjossump2,UAwgyQsSe,Sara-ann,Jossum,sjossump2@army.mil
904,bdomoneyp3,O0PoGPVE9,Ben,Domoney,bdomoneyp3@wikispaces.com
905,mgonetp4,tTwxZN,Man,Gonet,mgonetp4@photobucket.com
906,mworlingp5,mZZ6YN,Morie,Worling,mworlingp5@delicious.com
907,mpeppinp6,mY9KaEON8H,Molly,Peppin,mpeppinp6@samsung.com
908,gsurgoodp7,jEm4ESjN7,Guinevere,Surgood,gsurgoodp7@google.com
909,vbirkinp8,sYwQD2Wok,Vonnie,Birkin,vbirkinp8@com.com
910,ubevirp9,Z0MfqnkVHsly,Uta,Bevir,ubevirp9@bravesites.com
911,dkempstonepa,6I95twiFzjTn,Dorian,Kempstone,dkempstonepa@accuweather.com
912,sfaugheypb,DH2Sgwxk4C,Sibilla,Faughey,sfaugheypb@reference.com
913,vsantinopc,MKy3Wo,Veda,Santino,vsantinopc@technorati.com
914,fdupoypd,pgPYuXRK,Forrester,Dupoy,fdupoypd@globo.com
915,kslarkpe,ks2hkCVDTPwV,Karel,Slark,kslarkpe@timesonline.co.uk
916,jcraddypf,nh22Kww74zh,Jeromy,Craddy,jcraddypf@shop-pro.jp
917,cgerranpg,MSQHgxa8A7D,Care,Gerran,cgerranpg@fda.gov
918,bcaushph,5b6aUGmTYJKb,Benjy,Caush,bcaushph@amazon.de
919,tgeggiepi,ZON1uMjj4nnh,Tootsie,Geggie,tgeggiepi@free.fr
920,ggarmanspj,lpJlLvFs,Grier,Garmans,ggarmanspj@amazon.de
921,sgoodbanpk,R1ZsB51k,Shawnee,Goodban,sgoodbanpk@toplist.cz
922,cchatelainpl,FSwxEuoFR0,Claudetta,Chatelain,cchatelainpl@instagram.com
923,adrengpm,A3gemC3C3WQ,Arlyn,Dreng,adrengpm@e-recht24.de
924,acolleranpn,GJOib4c6y8r,Angelika,Colleran,acolleranpn@addtoany.com
925,kcausnettpo,fzwvukL,Kittie,Causnett,kcausnettpo@mail.ru
926,baldermanpp,6KaHrzyQ0,Bendick,Alderman,baldermanpp@canalblog.com
927,jcollinghampq,0wN0K8woLiR,Julie,Collingham,jcollinghampq@squidoo.com
928,obasfordpr,18uwozJAXi,Oneida,Basford,obasfordpr@example.com
929,bstoaksps,4HkKecfX44yQ,Barbra,Stoaks,bstoaksps@odnoklassniki.ru
930,amelatopt,XfcnSf,Ardenia,Melato,amelatopt@smh.com.au
931,aluttypu,QSphbR,Adam,Lutty,aluttypu@cdc.gov
932,rtilleypv,PRvKWtXsT,Randee,Tilley,rtilleypv@vk.com
933,hbenedttipw,ERroKdh0N4Kd,Ham,Benedtti,hbenedttipw@facebook.com
934,bdinckepx,Cex5RpeI0sZ,Barclay,Dincke,bdinckepx@telegraph.co.uk
935,awythepy,HlKKKLA,Alasteir,Wythe,awythepy@globo.com
936,cbiaggellipz,KtmAvgZ,Carroll,Biaggelli,cbiaggellipz@jugem.jp
937,aplluq0,2YFejAo,Alix,Pllu,aplluq0@flavors.me
938,aroblinq1,1LRw1A,Alidia,Roblin,aroblinq1@hud.gov
939,edoolerq2,gKeBD1gQ9IA,Evangelin,Dooler,edoolerq2@chicagotribune.com
940,amaskillq3,SYYI6AyMpdkP,Audy,Maskill,amaskillq3@mashable.com
941,rmayneq4,PFneaWk,Rafaela,Mayne,rmayneq4@wufoo.com
942,aughiq5,M77rLMq,Aldon,Ughi,aughiq5@japanpost.jp
943,dtipperq6,mSvqR7rSm,Delinda,Tipper,dtipperq6@merriam-webster.com
944,nmellemq7,1mdPw82YPI,Nicolai,Mellem,nmellemq7@ucoz.ru
945,cmcilwrathq8,0KtlUKqTW,Chrissie,McIlwrath,cmcilwrathq8@pagesperso-orange.fr
946,fpigfordq9,1R650u4FG,Fonzie,Pigford,fpigfordq9@redcross.org
947,htreadgallqa,oV7n3i3h,Harp,Treadgall,htreadgallqa@rakuten.co.jp
948,eeckhardqb,pOl14dEx,Elva,Eckhard,eeckhardqb@ibm.com
949,icusheqc,rCGYgzCo,Iormina,Cushe,icusheqc@bluehost.com
950,krapeqd,L7etYdz3c,Kinnie,Rape,krapeqd@gravatar.com
951,bivashnyovqe,u671tU,Bobby,Ivashnyov,bivashnyovqe@phpbb.com
952,fjudeqf,GJZcfLzn,Federico,Jude,fjudeqf@phpbb.com
953,tbreslauqg,ltg0cS,Tabbatha,Breslau,tbreslauqg@telegraph.co.uk
954,mkynmanqh,CNdFM92kOu,Mirabelle,Kynman,mkynmanqh@smugmug.com
955,kgowenqi,fqR871,Katusha,Gowen,kgowenqi@digg.com
956,iedginqj,ic9PpDC1o,Inesita,Edgin,iedginqj@bing.com
957,cbrauntonqk,IZO4S86I8dlR,Camile,Braunton,cbrauntonqk@soundcloud.com
958,ataylotql,o2cOkQ,Aryn,Taylot,ataylotql@xing.com
959,okolinqm,JS315PK8u8,Olympe,Kolin,okolinqm@altervista.org
960,cwhellamsqn,0Bdq9or3Oc,Cori,Whellams,cwhellamsqn@1688.com
961,ferroweqo,2HWtWBUqh6m,Franky,Errowe,ferroweqo@hud.gov
962,ataffreyqp,dePNs7Bszw,Annemarie,Taffrey,ataffreyqp@people.com.cn
963,bfulepqq,IVbz0VdMP0To,Bendicty,Fulep,bfulepqq@usda.gov
964,rchurchwardqr,UHaXKuuK,Rhett,Churchward,rchurchwardqr@harvard.edu
965,ppeattieqs,Yj6jBm,Papagena,Peattie,ppeattieqs@auda.org.au
966,emolloyqt,r1daIPelF,Esra,Molloy,emolloyqt@squidoo.com
967,llacequ,BhJ3uPE5P7,Lynnett,Lace,llacequ@walmart.com
968,efurtadoqv,A9C05TYEU87,Eric,Furtado,efurtadoqv@t-online.de
969,atomczakqw,KwURUyglVEK,Alethea,Tomczak,atomczakqw@livejournal.com
970,htarlingqx,rFIYvqSrzwT,Hymie,Tarling,htarlingqx@infoseek.co.jp
971,ecaneroqy,KzKLNoB,Elfie,Canero,ecaneroqy@jalbum.net
972,kpiccardqz,ebssTIreBTZ,Kailey,Piccard,kpiccardqz@ameblo.jp
973,cmcquirterr0,2UHi1HEsi8P,Claybourne,McQuirter,cmcquirterr0@barnesandnoble.com
974,fkemshellr1,LGUAJK,Falito,Kemshell,fkemshellr1@163.com
975,harseyr2,lQ3A1Kl,Hymie,Arsey,harseyr2@myspace.com
976,btownshendr3,VjSyle,Bartlett,Townshend,btownshendr3@discovery.com
977,wkordovar4,mBrXWJB3O,Wilmar,Kordova,wkordovar4@chron.com
978,tcoxonr5,JoQs1J,Tabby,Coxon,tcoxonr5@prweb.com
979,kblackhallr6,yWD44KDgjioa,Kari,Blackhall,kblackhallr6@independent.co.uk
980,lpyettr7,xVAAHXrubW3L,Lulu,Pyett,lpyettr7@un.org
981,bsearsr8,jNpwMiWa,Brana,Sears,bsearsr8@bloomberg.com
982,lchampkinr9,Qi62ji74sI,Ly,Champkin,lchampkinr9@about.com
983,emughalra,2y5vVq,Estele,Mughal,emughalra@clickbank.net
984,ccriellyrb,owIDFT,Cammie,Crielly,ccriellyrb@icq.com
985,kwoodisonrc,1hCaRnvKTA1B,Kristy,Woodison,kwoodisonrc@sciencedaily.com
986,ahoylesrd,3HcTCDfHMmt,Ado,Hoyles,ahoylesrd@army.mil
987,mharefootre,2so8qftfRa,Milo,Harefoot,mharefootre@soundcloud.com
988,mbrantrf,E7YAFXNm,Marco,Brant,mbrantrf@fc2.com
989,kgrunnillrg,L6l3KOFe,Kessiah,Grunnill,kgrunnillrg@jugem.jp
990,fbuxcyrh,2srz22fhcsq,Florry,Buxcy,fbuxcyrh@fastcompany.com
991,bbrissetri,xRxdO240rf5,Brynna,Brisset,bbrissetri@tamu.edu
992,ssymsonrj,1qZortsR,Shannon,Symson,ssymsonrj@discovery.com
993,qgammellrk,r7kcJRoVe,Quinton,Gammell,qgammellrk@mail.ru
994,dshellsheererl,2bnKXXhKO9,Dorthea,Shellsheere,dshellsheererl@barnesandnoble.com
995,nmcindoerm,wdWopFZQp,Nolan,McIndoe,nmcindoerm@theguardian.com
996,jgrayerrn,VBLKTS,Jon,Grayer,jgrayerrn@surveymonkey.com
997,lgalbrethro,hT7jNzt3zhh6,Lizzy,Galbreth,lgalbrethro@harvard.edu
998,gkeigrp,irVhSqpKD,Grazia,Keig,gkeigrp@gravatar.com
999,aedgerleyrq,u0Rhgxj,Alexine,Edgerley,aedgerleyrq@go.com
1000,phadwickrr,SwyGV4dLPtb,Pattie,Hadwick,phadwickrr@whitehouse.gov
